	CYA_tag	CYB_tag	core_A	core_Bp	Bp->A	C->A	O->A	A->Bp	C->Bp	O->Bp	total_transfers
YSG_0005d	CYA_0147	CYB_1887	Yes	Yes	0	0	0	0	0	0	0
YSG_0005e	CYA_1609	CYB_1798	Yes	Yes	0	0	0	0	0	0	0
YSG_0005f	CYA_1626	CYB_1898	Yes	Yes	0	0	0	0	0	0	0
YSG_0005ia	CYA_1024	CYB_2631	Yes	Yes	0	0	0	0	0	0	0
YSG_0005iba	CYA_0470	CYB_0238	Yes	Yes	0	0	0	0	0	0	0
YSG_0005ibbb	CYA_1859	CYB_1301	Yes	Yes	0	25	0	0	0	0	25
YSG_0005j	CYA_1441	CYB_1590	Yes	Yes	0	0	0	0	0	0	0
YSG_0009c	CYA_1285	CYB_0933	Yes	Yes	0	0	0	0	0	0	0
YSG_0009fb	CYA_1880	CYB_1555	Yes	Yes	0	0	0	0	0	0	0
YSG_0009fcb	CYA_1735	CYB_1912	Yes	Yes	0	0	0	0	0	0	0
YSG_0010a	CYA_2394	CYB_2689	Yes	Yes	0	0	0	0	0	0	0
YSG_0013a	CYA_0459		Yes	Yes	0	0	1	0	0	0	1
YSG_0013d	CYA_0481	CYB_0349	Yes	Yes	0	0	0	0	0	0	0
YSG_0013ea	CYA_0145	CYB_1449	Yes	Yes	0	0	0	0	0	0	0
YSG_0013ebb	CYA_0489	CYB_1416	Yes	Yes	0	0	0	0	0	1	1
YSG_0014a	CYA_1762	CYB_1206	Yes	Yes	0	1	0	0	0	0	1
YSG_0014g	CYA_2882	CYB_1657	Yes	Yes	0	0	0	0	0	0	0
YSG_0014hb	CYA_1050	CYB_2400	Yes	Yes	0	0	0	0	0	0	0
YSG_0014hc	CYA_2315	CYB_2030	Yes	Yes	0	0	0	0	0	0	0
YSG_0014i	CYA_2708	CYB_1871	Yes	Yes	0	33	0	0	0	0	33
YSG_0016a	CYA_2353	CYB_0857	Yes	Yes	0	0	0	0	0	0	0
YSG_0016b	CYA_0005	CYB_0005	Yes	Yes	0	0	0	0	0	0	0
YSG_0016c			Yes	Yes	0	0	0	0	0	0	0
YSG_0016gb	CYA_0936	CYB_0892	Yes	Yes	0	0	0	0	0	0	0
YSG_0019eb	CYA_1214	CYB_2553	Yes	Yes	0	0	0	0	0	0	0
YSG_0019f	CYA_0201	CYB_1242	Yes	Yes	0	0	0	0	0	0	0
YSG_0023aa	CYA_0831	CYB_1835	Yes	Yes	0	0	0	0	0	0	0
YSG_0023ba	CYA_0834	CYB_1838	Yes	Yes	0	0	0	0	0	0	0
YSG_0023bb	CYA_0522	CYB_0576	Yes	Yes	0	0	0	0	0	0	0
YSG_0025b	CYA_0213	CYB_0946	Yes	Yes	0	0	0	0	52	0	52
YSG_0025ca	CYA_1563	CYB_1066	Yes	Yes	1	0	0	0	0	0	1
YSG_0025cb	CYA_1741	CYB_0623	Yes	Yes	0	0	0	0	0	0	0
YSG_0027b	CYA_0815	CYB_1878	Yes	Yes	0	0	0	0	0	0	0
YSG_0027ca	CYA_0589	CYB_0071	Yes	Yes	0	0	0	0	0	0	0
YSG_0027cb	CYA_1216	CYB_1262	Yes	Yes	0	0	0	0	0	0	0
YSG_0029a		CYB_1359	Yes	Yes	0	0	0	0	0	0	0
YSG_0029fb	CYA_0893	CYB_0603	Yes	Yes	0	0	0	0	0	0	0
YSG_0029g	CYA_1329	CYB_2550	Yes	Yes	0	0	0	0	0	0	0
YSG_0030ba	CYA_0299	CYB_2819	Yes	Yes	0	0	0	0	0	0	0
YSG_0031a	CYA_2060	CYB_0750	Yes	Yes	0	0	0	0	0	0	0
YSG_0031ba	CYA_1437	CYB_1592	Yes	Yes	0	0	0	0	0	0	0
YSG_0031bbb	CYA_0439	CYB_0788	Yes	Yes	0	0	0	0	0	0	0
YSG_0032ab	CYA_1721	CYB_1926	Yes	Yes	0	31	0	0	0	0	31
YSG_0032b	CYA_1737	CYB_1910	Yes	Yes	14	0	0	0	0	0	14
YSG_0033b	CYA_1209	CYB_2383	Yes	Yes	0	0	0	0	0	0	0
YSG_0033f	CYA_1920	CYB_2011	Yes	Yes	0	0	0	0	0	5	5
YSG_0034a	CYA_2358	CYB_1736	Yes	Yes	0	0	0	0	0	0	0
YSG_0035a	CYA_1840	CYB_0405	Yes	Yes	0	0	0	0	0	0	0
YSG_0036a	CYA_2749	CYB_0627	Yes	Yes	0	0	0	0	0	0	0
YSG_0036b	CYA_0833	CYB_1837	Yes	Yes	0	0	0	0	0	0	0
YSG_0036c	CYA_0523	CYB_0575	Yes	Yes	14	0	0	0	0	0	14
YSG_0037a	CYA_0643	CYB_0280	Yes	Yes	0	0	0	0	0	0	0
YSG_0037c	CYA_0526	CYB_0571	Yes	Yes	0	0	0	0	0	0	0
YSG_0038a	CYA_0469	CYB_0237	Yes	Yes	0	3	0	0	0	0	3
YSG_0038b	CYA_0468	CYB_0236	Yes	Yes	0	3	0	0	0	0	3
YSG_0038c	CYA_1846	CYB_0398	Yes	Yes	0	0	0	0	0	0	0
YSG_0040d	CYA_0984	CYB_0332	Yes	Yes	0	0	0	0	0	0	0
YSG_0041a	CYA_2360	CYB_0852	Yes	Yes	0	0	0	0	0	0	0
YSG_0041bb	CYA_2566	CYB_2356	Yes	Yes	0	0	0	0	0	0	0
YSG_0044b	CYA_1799	CYB_2533	Yes	Yes	0	0	1	0	0	0	1
YSG_0044c	CYA_1541	CYB_2220	Yes	Yes	0	0	0	0	0	0	0
YSG_0046a	CYA_2223	CYB_1442	Yes	Yes	0	0	0	0	0	0	0
YSG_0046b	CYA_1820	CYB_0424	Yes	Yes	0	0	0	0	0	0	0
YSG_0046c	CYA_0566	CYB_1307	Yes	Yes	0	24	0	0	0	0	24
YSG_0048a	CYA_2271	CYB_0456	Yes	Yes	0	0	0	0	0	0	0
YSG_0048b	CYA_0018	CYB_1428	Yes	Yes	0	0	0	0	0	0	0
YSG_0048c	CYA_0934	CYB_1033	Yes	Yes	0	0	0	0	0	0	0
YSG_0050b	CYA_2769	CYB_2462	Yes	Yes	0	0	0	0	0	0	0
YSG_0050c	CYA_2675	CYB_2170	Yes	Yes	0	0	0	0	0	0	0
YSG_0053a	CYA_1504	CYB_2708	Yes	Yes	0	0	0	0	0	0	0
YSG_0053c	CYA_0929	CYB_1040	Yes	Yes	0	0	0	0	0	0	0
YSG_0054a	CYA_2544	CYB_0839	Yes	Yes	0	0	0	0	0	0	0
YSG_0054c	CYA_2543	CYB_0838	Yes	Yes	0	0	3	0	0	0	3
YSG_0055b	CYA_2568	CYB_1028	Yes	Yes	0	25	0	0	0	0	25
YSG_0055c	CYA_0661	CYB_0612	Yes	Yes	0	0	0	0	0	0	0
YSG_0057a	CYA_0194	CYB_1234	Yes	Yes	0	0	0	0	0	0	0
YSG_0057b	CYA_0403	CYB_2161	Yes	Yes	0	0	0	0	0	0	0
YSG_0057c	CYA_0311	CYB_1689	Yes	Yes	0	0	0	0	0	0	0
YSG_0058aa	CYA_0659	CYB_0610	Yes	Yes	0	0	0	0	0	0	0
YSG_0058b	CYA_0657	CYB_0608	Yes	Yes	0	0	0	0	0	0	0
YSG_0060ab	CYA_0129	CYB_2780	Yes	Yes	0	0	0	1	0	0	1
YSG_0060b	CYA_1732	CYB_1915	Yes	Yes	0	0	0	0	0	0	0
YSG_0062aa	CYA_0132	CYB_2782	Yes	Yes	0	0	0	0	0	0	0
YSG_0062ab	CYA_2055	CYB_0745	Yes	Yes	0	0	0	0	0	0	0
YSG_0062b	CYA_0788	CYB_2935	Yes	Yes	0	0	0	0	0	0	0
YSG_0063c	CYA_2105	CYB_2666	Yes	Yes	0	0	0	0	0	0	0
YSG_0064a	CYA_2290	CYB_1319	Yes	Yes	0	0	0	1	0	0	1
YSG_0064b	CYA_0030	CYB_2285	Yes	Yes	0	0	0	0	0	0	0
YSG_0066b	CYA_2281	CYB_0446	Yes	Yes	0	0	0	0	0	0	0
YSG_0066c	CYA_1104	CYB_1334	Yes	Yes	0	0	0	0	0	0	0
YSG_0067a	CYA_0036	CYB_1500	Yes	Yes	0	0	0	0	0	0	0
YSG_0067c	CYA_0035	CYB_1499	Yes	Yes	0	0	0	0	0	0	0
YSG_0068a	CYA_1211	CYB_2385	Yes	Yes	0	0	0	0	0	0	0
YSG_0068b	CYA_1111	CYB_1357	Yes	Yes	0	0	0	1	0	0	1
YSG_0068c	CYA_2458	CYB_2302	Yes	Yes	0	0	0	0	0	0	0
YSG_0069c	CYA_1254	CYB_0757	Yes	Yes	0	0	0	0	0	0	0
YSG_0070c	CYA_1537	CYB_1419	Yes	Yes	0	0	0	0	0	0	0
YSG_0070f	CYA_2386	CYB_1012	Yes	Yes	0	0	0	0	0	0	0
YSG_0071a	CYA_0313	CYB_1691	Yes	Yes	0	0	0	0	0	0	0
YSG_0071bb	CYA_1570	CYB_1816	Yes	Yes	0	0	0	0	0	0	0
YSG_0078f	CYA_2412	CYB_2209	Yes	Yes	0	0	0	0	0	0	0
YSG_0079a	CYA_2648	CYB_1734	Yes	Yes	0	0	0	0	0	0	0
YSG_0079b	CYA_2071	CYB_0646	Yes	Yes	0	0	0	0	0	0	0
YSG_0083c	CYA_2336	CYB_1130	Yes	Yes	0	0	0	0	0	0	0
YSG_0084ba	CYA_2347	CYB_1117	Yes	Yes	0	0	0	0	0	0	0
YSG_0084bb	CYA_0692	CYB_2905	Yes	Yes	5	0	0	0	0	0	5
YSG_0085b	CYA_0391	CYB_1997	Yes	Yes	0	0	0	0	0	0	0
YSG_0085c	CYA_1826	CYB_0419	Yes	Yes	0	0	0	0	0	0	0
YSG_0088a	CYA_0693	CYB_2904	Yes	Yes	5	0	0	0	0	0	5
YSG_0089a	CYA_0764	CYB_0127	Yes	Yes	0	0	0	0	0	0	0
YSG_0090a	CYA_0684	CYB_2123	Yes	Yes	7	0	0	0	0	0	7
YSG_0090b	CYA_1231	CYB_1549	Yes	Yes	0	0	0	0	0	0	0
YSG_0091c	CYA_0314	CYB_1692	Yes	Yes	0	0	0	0	0	0	0
YSG_0093a	CYA_0647	CYB_0283	Yes	Yes	0	0	0	0	0	0	0
YSG_0094a	CYA_2752	CYB_0632	Yes	Yes	0	0	0	0	0	0	0
YSG_0095a	CYA_1595	CYB_1810	Yes	Yes	0	0	0	0	0	0	0
YSG_0095b	CYA_0638	CYB_2877	Yes	Yes	0	0	0	0	0	0	0
YSG_0096a	CYA_1823	CYB_0422	Yes	Yes	0	0	0	0	0	0	0
YSG_0096b	CYA_1834	CYB_0411	Yes	Yes	0	0	0	0	0	0	0
YSG_0097a		CYB_1875	Yes	Yes	0	0	0	0	0	0	0
YSG_0097b	CYA_1301	CYB_0920	Yes	Yes	0	0	0	0	0	0	0
YSG_0098b	CYA_2233	CYB_0582	Yes	Yes	0	0	0	0	0	0	0
YSG_0099b	CYA_2254	CYB_2403	Yes	Yes	0	0	0	0	0	0	0
YSG_0100b	CYA_0553	CYB_0769	Yes	Yes	0	0	0	0	0	0	0
YSG_0101b	CYA_1158	CYB_2617	Yes	Yes	0	0	0	0	0	0	0
YSG_0101c	CYA_0844	CYB_2149	Yes	Yes	0	0	0	0	0	0	0
YSG_0102a	CYA_1658	CYB_1641	Yes	Yes	0	0	0	0	0	0	0
YSG_0102b	CYA_2759	CYB_0765	Yes	Yes	0	0	0	0	0	0	0
YSG_0103b	CYA_0060	CYB_1179	Yes	Yes	0	0	0	0	0	0	0
YSG_0104a	CYA_2871	CYB_1481	Yes	Yes	0	0	0	0	0	0	0
YSG_0104b	CYA_2372	CYB_2346	Yes	Yes	0	0	0	0	0	0	0
YSG_0105a	CYA_0278	CYB_2132	Yes	Yes	0	0	0	0	0	0	0
YSG_0105b	CYA_0120	CYB_2769	Yes	Yes	0	0	0	0	0	0	0
YSG_0106a	CYA_0846	CYB_2151	Yes	Yes	0	37	0	0	0	0	37
YSG_0106b	CYA_0912	CYB_0991	Yes	Yes	0	0	0	0	0	0	0
YSG_0107a	CYA_1520	CYB_1095	Yes	Yes	0	47	0	0	0	0	47
YSG_0107b	CYA_0484	CYB_1929	Yes	Yes	0	0	0	0	0	0	0
YSG_0108a	CYA_2522	CYB_0021	Yes	Yes	0	0	0	0	0	0	0
YSG_0108b	CYA_2521	CYB_0022	Yes	Yes	0	0	0	0	0	0	0
YSG_0109a	CYA_0773	CYB_0196	Yes	Yes	0	0	0	0	0	0	0
YSG_0109b	CYA_2627	CYB_0078	Yes	Yes	0	0	0	0	0	0	0
YSG_0110a	CYA_2174	CYB_0503	Yes	Yes	0	0	0	0	0	0	0
YSG_0110b	CYA_2292	CYB_1321	Yes	Yes	0	0	0	0	0	0	0
YSG_0111a	CYA_0545	CYB_2260	Yes	Yes	0	0	0	0	0	0	0
YSG_0115a	CYA_1659	CYB_1772	Yes	Yes	0	0	0	0	0	0	0
YSG_0115b	CYA_1576	CYB_0381	Yes	Yes	0	0	0	0	0	0	0
YSG_0116a	CYA_0558	CYB_2364	Yes	Yes	0	0	0	0	0	0	0
YSG_0116b	CYA_0532	CYB_0125	Yes	Yes	0	0	0	0	0	0	0
YSG_0118a	CYA_1574	CYB_0379	Yes	Yes	0	0	0	0	0	0	0
YSG_0118b	CYA_0461	CYB_0225	Yes	Yes	0	0	0	0	0	0	0
YSG_0119c	CYA_2193	CYB_1403	Yes	Yes	0	0	0	0	0	0	0
YSG_0120a	CYA_2276	CYB_0451	Yes	Yes	0	0	0	0	0	0	0
YSG_0120b	CYA_0377	CYB_1859	Yes	Yes	0	0	0	0	0	0	0
YSG_0121a	CYA_1821	CYB_0423	Yes	Yes	0	0	0	0	0	0	0
YSG_0121b	CYA_1835	CYB_0410	Yes	Yes	0	0	0	0	0	0	0
YSG_0123b	CYA_1734	CYB_1913	Yes	Yes	0	0	0	0	0	0	0
YSG_0125a		CYB_1661	Yes	Yes	0	0	0	0	0	0	0
YSG_0125b	CYA_0502	CYB_0155	Yes	Yes	0	0	0	0	0	0	0
YSG_0126c	CYA_2644	CYB_1740	Yes	Yes	0	0	0	0	0	0	0
YSG_0127b	CYA_0640	CYB_2875	Yes	Yes	0	1	0	0	0	0	1
YSG_0128a	CYA_0949	CYB_2479	Yes	Yes	0	11	0	0	0	0	11
YSG_0128b	CYA_0407	CYB_2434	Yes	Yes	0	0	1	0	0	0	1
YSG_0129a	CYA_2252	CYB_2405	Yes	Yes	0	0	0	0	0	0	0
YSG_0129b	CYA_2061	CYB_2880	Yes	Yes	0	29	0	0	0	0	29
YSG_0130b	CYA_0664	CYB_0618	Yes	Yes	0	0	0	0	0	0	0
YSG_0132a	CYA_0835	CYB_1840	Yes	Yes	0	0	2	0	0	0	2
YSG_0132b	CYA_2368	CYB_2342	Yes	Yes	0	0	0	0	0	0	0
YSG_0133b	CYA_1049	CYB_2874	Yes	Yes	0	0	0	0	0	0	0
YSG_0134a	CYA_1879	CYB_1556	Yes	Yes	0	38	0	0	0	0	38
YSG_0134b	CYA_2679	CYB_2194	Yes	Yes	0	0	0	0	0	0	0
YSG_0135a	CYA_0300	CYB_2818	Yes	Yes	0	2	0	0	0	0	2
YSG_0135b	CYA_2470	CYB_2074	Yes	Yes	0	0	0	0	0	0	0
YSG_0136b	CYA_1733	CYB_1914	Yes	Yes	0	0	0	0	0	0	0
YSG_0137a		CYB_1216	Yes	Yes	0	0	0	0	0	0	0
YSG_0137b	CYA_1775	CYB_1217	Yes	Yes	0	0	0	0	0	0	0
YSG_0138a	CYA_2897	CYB_1683	Yes	Yes	0	0	0	0	0	0	0
YSG_0138b	CYA_2323	CYB_2037	Yes	Yes	0	0	0	0	0	0	0
YSG_0139a	CYA_1795	CYB_1628	Yes	Yes	0	0	0	0	0	0	0
YSG_0141a	CYA_0185	CYB_2530	Yes	Yes	0	0	0	0	0	0	0
YSG_0141b	CYA_1571	CYB_0376	Yes	Yes	0	0	0	0	0	0	0
YSG_0142a	CYA_0941	CYB_0897	Yes	Yes	0	0	0	0	0	0	0
YSG_0142b	CYA_1885	CYB_0260	Yes	Yes	0	0	0	1	0	0	1
YSG_0143a	CYA_0004	CYB_0004	Yes	Yes	0	0	0	0	0	0	0
YSG_0143b	CYA_2751	CYB_0631	Yes	Yes	0	0	0	0	0	0	0
YSG_0144b	CYA_1258	CYB_2883	Yes	Yes	0	0	0	0	0	0	0
YSG_0145a	CYA_2464	CYB_1434	Yes	Yes	0	0	0	0	0	0	0
YSG_0145b	CYA_1831	CYB_0414	Yes	Yes	0	0	0	0	0	0	0
YSG_0147a	CYA_2820	CYB_0823	Yes	Yes	0	0	0	0	0	0	0
YSG_0147b	CYA_0496	CYB_0553	Yes	Yes	0	0	0	0	0	0	0
YSG_0148b	CYA_1912	CYB_2003	Yes	Yes	0	0	0	0	0	0	0
YSG_0149b	CYA_1587	CYB_0393	Yes	Yes	0	0	0	0	0	0	0
YSG_0150b	CYA_2184	CYB_1410	Yes	Yes	0	0	0	0	0	0	0
YSG_0151a	CYA_0787	CYB_2934	Yes	Yes	0	0	0	0	0	0	0
YSG_0151b	CYA_0130	CYB_2781	Yes	Yes	0	0	0	0	0	0	0
YSG_0152a	CYA_2806	CYB_0954	Yes	Yes	0	0	0	1	0	0	1
YSG_0152b	CYA_0488	CYB_1415	Yes	Yes	0	0	0	0	0	0	0
YSG_0154a	CYA_1798	CYB_1631	Yes	Yes	0	0	0	0	0	0	0
YSG_0154b	CYA_1467	CYB_1678	Yes	Yes	0	38	0	0	0	0	38
YSG_0155b	CYA_1987	CYB_0094	Yes	Yes	0	0	0	0	0	0	0
YSG_0156a	CYA_1132	CYB_0151	Yes	Yes	0	0	0	0	0	0	0
YSG_0156b	CYA_1720	CYB_1927	Yes	Yes	0	29	0	0	0	0	29
YSG_0157a	CYA_1239	CYB_0083	Yes	Yes	0	0	0	0	0	0	0
YSG_0157b	CYA_1149	CYB_2642	Yes	Yes	0	0	0	0	0	0	0
YSG_0158a	CYA_2789	CYB_0185	Yes	Yes	0	0	0	0	0	0	0
YSG_0158b	CYA_0047	CYB_1190	Yes	Yes	0	0	0	0	0	0	0
YSG_0159a	CYA_0967	CYB_0884	Yes	Yes	1	0	3	0	0	0	4
YSG_0159b	CYA_0017	CYB_1427	Yes	Yes	0	31	0	0	0	0	31
YSG_0160a	CYA_1888	CYB_0253	Yes	Yes	0	0	0	6	0	0	6
YSG_0160b	CYA_1442	CYB_1589	Yes	Yes	0	0	0	0	0	0	0
YSG_0161ba	CYA_0217	CYB_0942	Yes	Yes	0	0	0	0	68	0	68
YSG_0161bb	CYA_2040	CYB_2736	Yes	Yes	0	0	0	0	0	0	0
YSG_0164a	CYA_0423	CYB_2499	Yes	Yes	0	0	0	0	0	0	0
YSG_0164b	CYA_1226	CYB_0848	Yes	Yes	0	0	0	0	0	0	0
YSG_0166a			Yes	Yes	0	0	0	0	0	0	0
YSG_0166b	CYA_2088	CYB_2506	Yes	Yes	0	0	0	0	0	0	0
YSG_0167a			Yes	Yes	0	0	0	0	0	0	0
YSG_0167b	CYA_1445	CYB_1586	Yes	Yes	0	0	0	0	0	0	0
YSG_0168b	CYA_2195	CYB_0763	Yes	Yes	0	0	0	0	0	0	0
YSG_0169b	CYA_2073	CYB_0648	Yes	Yes	0	0	0	0	0	0	0
YSG_0170b	CYA_0769	CYB_0192	Yes	Yes	0	0	0	0	0	0	0
YSG_0170c	CYA_1362	CYB_2806	Yes	Yes	0	0	0	0	0	0	0
YSG_0171a	CYA_2382	CYB_1016	Yes	Yes	0	0	0	0	0	0	0
YSG_0171b	CYA_1824	CYB_0421	Yes	Yes	0	0	0	0	0	0	0
YSG_0173a	CYA_2479	CYB_2084	Yes	Yes	0	0	0	0	0	0	0
YSG_0173b	CYA_2478	CYB_2083	Yes	Yes	0	0	0	0	0	0	0
YSG_0174a	CYA_1725	CYB_1922	Yes	Yes	1	0	0	1	0	2	4
YSG_0174b	CYA_2801	CYB_0960	Yes	Yes	0	0	0	0	0	0	0
YSG_0175a	CYA_0282	CYB_2378	Yes	Yes	0	25	0	0	0	0	25
YSG_0175b	CYA_2264	CYB_0465	Yes	Yes	0	0	0	0	0	0	0
YSG_0176b	CYA_2147	CYB_2759	Yes	Yes	0	0	0	0	0	0	0
YSG_0178a	CYA_0780	CYB_0202	Yes	Yes	0	7	0	0	0	0	7
YSG_0178b	CYA_0303	CYB_0803	Yes	Yes	0	26	0	0	0	0	26
YSG_0179a	CYA_2485	CYB_2092	Yes	Yes	0	0	8	0	0	0	8
YSG_0179b	CYA_2058	CYB_0748	Yes	Yes	0	0	0	0	0	0	0
YSG_0180b	CYA_2274	CYB_0453	Yes	Yes	0	0	0	0	0	0	0
YSG_0183a			Yes	Yes	0	0	0	0	0	0	0
YSG_0183b	CYA_1966	CYB_2142	Yes	Yes	0	0	0	0	0	0	0
YSG_0184b	CYA_1544	CYB_1088	Yes	Yes	0	0	0	0	0	0	0
YSG_0185a	CYA_2059	CYB_0749	Yes	Yes	0	0	0	0	0	0	0
YSG_0187c	CYA_2136	CYB_0535	Yes	Yes	0	0	0	0	0	0	0
YSG_0188a	CYA_0527	CYB_0569	Yes	Yes	0	0	0	0	0	0	0
YSG_0188b	CYA_0944	CYB_2391	Yes	Yes	0	31	0	0	0	0	31
YSG_0189b	CYA_2196	CYB_0762	Yes	Yes	0	0	0	0	0	2	2
YSG_0190bb		CYB_0475	Yes	Yes	0	0	0	0	0	0	0
YSG_0192b	CYA_1825	CYB_0420	Yes	Yes	0	0	0	0	0	0	0
YSG_0195a	CYA_1678	CYB_1164	Yes	Yes	0	0	0	0	0	0	0
YSG_0195b	CYA_2529	CYB_0147	Yes	Yes	0	0	0	0	0	0	0
YSG_0196b	CYA_0392	CYB_1767	Yes	Yes	0	0	0	0	0	0	0
YSG_0198b	CYA_1746	CYB_0218	Yes	Yes	0	0	0	0	0	0	0
YSG_0199a	CYA_1680	CYB_1162	Yes	Yes	0	0	0	0	0	0	0
YSG_0199b	CYA_2532	CYB_0144	Yes	Yes	0	0	0	0	0	0	0
YSG_0200a	CYA_1072	CYB_0996	Yes	Yes	0	0	0	0	0	0	0
YSG_0201b	CYA_2085	CYB_0313	Yes	Yes	0	0	0	0	0	0	0
YSG_0203c	CYA_2362	CYB_0850	Yes	Yes	0	0	0	0	0	0	0
YSG_0204d		CYB_2870	Yes	Yes	0	0	0	0	0	0	0
YSG_0207a	CYA_1331	CYB_2652	Yes	Yes	0	0	0	0	0	0	0
YSG_0211a	CYA_0316	CYB_1694	Yes	Yes	0	0	0	0	0	0	0
YSG_0211b	CYA_0668	CYB_1060	Yes	Yes	0	0	0	0	0	0	0
YSG_0212a			Yes	Yes	9	4	0	0	0	0	13
YSG_0214b	CYA_2513	CYB_1964	Yes	Yes	0	0	0	0	0	0	0
YSG_0214cb	CYA_2282	CYB_0445	Yes	Yes	0	0	0	0	0	0	0
YSG_0215c	CYA_1858	CYB_1299	Yes	Yes	0	0	0	0	0	0	0
YSG_0217b	CYA_1803	CYB_2389	Yes	Yes	0	42	0	0	0	0	42
YSG_0221a	CYA_0021	CYB_2921	Yes	Yes	0	0	0	0	0	0	0
YSG_0223a	CYA_2453	CYB_1716	Yes	Yes	0	0	0	0	0	0	0
YSG_0224b	CYA_1205	CYB_2316	Yes	Yes	0	32	0	0	0	0	32
YSG_0225b	CYA_0405	CYB_2432	Yes	Yes	0	0	0	0	0	0	0
YSG_0226b	CYA_0587	CYB_0069	Yes	Yes	0	0	0	0	0	0	0
YSG_0227a	CYA_1187	CYB_2589	Yes	Yes	0	0	0	0	0	0	0
YSG_0230b	CYA_2727	CYB_1008	Yes	Yes	0	0	0	0	0	0	0
YSG_0234b	CYA_1600	CYB_1805	Yes	Yes	0	0	0	0	0	0	0
YSG_0235bb	CYA_1206	CYB_2315	Yes	Yes	0	0	0	0	0	0	0
YSG_0241b	CYA_1663	CYB_1020	Yes	Yes	0	0	0	0	0	0	0
YSG_0242b	CYA_2340	CYB_1125	Yes	Yes	0	0	0	0	0	0	0
YSG_0243c	CYA_1419	CYB_1605	Yes	Yes	0	0	0	0	0	0	0
YSG_0246b	CYA_1620	CYB_2890	Yes	Yes	0	0	0	0	0	0	0
YSG_0247b	CYA_0008	CYB_0008	Yes	Yes	0	0	0	0	0	0	0
YSG_0249b	CYA_0512	CYB_0301	Yes	Yes	0	0	0	0	0	0	0
YSG_0251b	CYA_0343	CYB_1503	Yes	Yes	0	0	0	0	0	0	0
YSG_0255	CYA_0694	CYB_2903	Yes	Yes	5	0	0	0	0	0	5
YSG_0258b	CYA_0342	CYB_1504	Yes	Yes	0	0	0	0	0	0	0
YSG_0264c	CYA_2539	CYB_0834	Yes	Yes	7	0	0	2	0	0	9
YSG_0266	CYA_1917	CYB_2008	Yes	Yes	0	0	0	0	0	0	0
YSG_0268	CYA_1286	CYB_0934	Yes	Yes	0	1	0	0	76	0	77
YSG_0269b	CYA_0646	CYB_0284	Yes	Yes	0	0	0	0	0	0	0
YSG_0271	CYA_1124	CYB_0439	Yes	Yes	0	0	0	0	0	0	0
YSG_0272	CYA_1123	CYB_0438	Yes	Yes	0	0	0	0	0	0	0
YSG_0276	CYA_1106	CYB_1332	Yes	Yes	0	11	0	0	0	0	11
YSG_0277	CYA_0663	CYB_0617	Yes	Yes	0	0	0	0	0	0	0
YSG_0278	CYA_1122	CYB_0437	Yes	Yes	0	0	0	0	101	0	101
YSG_0279	CYA_0634	CYB_0905	Yes	Yes	0	0	0	0	0	0	0
YSG_0282	CYA_2517	CYB_1968	Yes	Yes	0	0	0	0	0	0	0
YSG_0285b	CYA_0648	CYB_0285	Yes	Yes	0	47	0	0	0	0	47
YSG_0286a	CYA_0723	CYB_1110	Yes	Yes	0	0	0	0	0	0	0
YSG_0287b	CYA_0978	CYB_2926	Yes	Yes	0	29	0	0	0	0	29
YSG_0289	CYA_0681	CYB_2120	Yes	Yes	7	0	0	0	0	0	7
YSG_0290	CYA_1738	CYB_1909	Yes	Yes	0	0	0	0	0	0	0
YSG_0291b	CYA_0701	CYB_2899	Yes	Yes	6	0	0	0	0	0	6
YSG_0294	CYA_2518	CYB_1969	Yes	Yes	0	0	0	0	0	0	0
YSG_0296b	CYA_0373	CYB_1864	Yes	Yes	0	0	0	0	0	0	0
YSG_0297	CYA_1916	CYB_2006	Yes	Yes	0	0	0	0	0	0	0
YSG_0298c	CYA_1490	CYB_1458	Yes	Yes	0	0	0	0	0	0	0
YSG_0301	CYA_2070	CYB_0645	Yes	Yes	0	0	0	0	0	0	0
YSG_0303	CYA_1287	CYB_0935	Yes	Yes	0	0	0	0	0	0	0
YSG_0304b	CYA_2256	CYB_2244	Yes	Yes	0	0	0	0	0	0	0
YSG_0305	CYA_1336	CYB_2210	Yes	Yes	0	0	0	0	0	0	0
YSG_0307	CYA_1736	CYB_1911	Yes	Yes	0	0	0	0	0	0	0
YSG_0311	CYA_0224	CYB_0936	Yes	Yes	1	0	0	0	0	0	1
YSG_0313	CYA_2201	CYB_2021	Yes	Yes	0	0	0	0	0	0	0
YSG_0314	CYA_0644	CYB_0281	Yes	Yes	0	0	0	0	0	0	0
YSG_0315	CYA_2069	CYB_0644	Yes	Yes	0	0	0	0	0	0	0
YSG_0316	CYA_1629	CYB_0906	Yes	Yes	0	0	0	0	0	0	0
YSG_0317	CYA_1562	CYB_1067	Yes	Yes	0	0	0	0	0	0	0
YSG_0318	CYA_1460	CYB_0653	Yes	Yes	0	0	0	0	0	0	0
YSG_0319	CYA_1108	CYB_1330	Yes	Yes	0	38	0	0	0	0	38
YSG_0320	CYA_2373	CYB_2347	Yes	Yes	0	0	0	0	0	0	0
YSG_0322	CYA_0058	CYB_1181	Yes	Yes	0	0	0	0	0	0	0
YSG_0323b	CYA_0164	CYB_0978	Yes	Yes	0	0	0	0	0	0	0
YSG_0324c	CYA_0649	CYB_0286	Yes	Yes	0	43	0	0	0	1	44
YSG_0326	CYA_0890	CYB_0599	Yes	Yes	0	0	0	0	0	0	0
YSG_0327	CYA_2516	CYB_1967	Yes	Yes	0	0	0	0	0	0	0
YSG_0328	CYA_0077	CYB_2039	Yes	Yes	0	0	0	0	0	0	0
YSG_0330	CYA_0695	CYB_2902	Yes	Yes	0	0	23	0	0	0	23
YSG_0331	CYA_1561	CYB_1068	Yes	Yes	0	0	0	0	0	0	0
YSG_0333b	CYA_1812	CYB_0432	Yes	Yes	6	0	0	0	0	0	6
YSG_0334	CYA_0059	CYB_1180	Yes	Yes	0	0	0	0	0	0	0
YSG_0335	CYA_2204	CYB_2019	Yes	Yes	0	0	0	0	0	0	0
YSG_0336	CYA_0070		Yes	Yes	0	0	0	0	0	0	0
YSG_0337	CYA_1523	CYB_0322	Yes	Yes	0	0	0	0	0	0	0
YSG_0338	CYA_1001	CYB_0483	Yes	Yes	0	0	0	0	0	0	0
YSG_0339b	CYA_0895	CYB_2193	Yes	Yes	0	0	0	0	0	0	0
YSG_0342	CYA_2300	CYB_0624	Yes	Yes	0	0	0	0	0	0	0
YSG_0343	CYA_1770	CYB_1214	Yes	Yes	0	0	0	0	0	0	0
YSG_0344	CYA_2202	CYB_2020	Yes	Yes	0	0	0	0	0	0	0
YSG_0345	CYA_1461	CYB_0654	Yes	Yes	0	0	0	0	0	0	0
YSG_0347	CYA_1046	CYB_2871	Yes	Yes	0	0	0	0	0	0	0
YSG_0349	CYA_1338	CYB_2212	Yes	Yes	0	0	0	0	0	0	0
YSG_0350	CYA_0458	CYB_0223	Yes	Yes	0	0	0	0	0	0	0
YSG_0351	CYA_1153	CYB_2623	Yes	Yes	0	0	0	0	0	0	0
YSG_0352	CYA_1154	CYB_2622	Yes	Yes	0	0	0	0	0	0	0
YSG_0353	CYA_1167	CYB_2608	Yes	Yes	0	0	0	0	0	0	0
YSG_0354		CYB_2042	Yes	Yes	0	0	0	0	0	0	0
YSG_0355	CYA_2371	CYB_2345	Yes	Yes	12	0	0	0	0	0	12
YSG_0356	CYA_1560	CYB_1069	Yes	Yes	0	0	0	1	0	0	1
YSG_0357	CYA_0645	CYB_0282	Yes	Yes	0	0	0	0	0	0	0
YSG_0359	CYA_2520	CYB_1971	Yes	Yes	0	0	0	0	0	0	0
YSG_0360	CYA_1739	CYB_1908	Yes	Yes	0	0	0	0	0	0	0
YSG_0362b	CYA_1163	CYB_2612	Yes	Yes	0	0	0	0	0	0	0
YSG_0363	CYA_1607	CYB_1800	Yes	Yes	0	0	0	0	0	0	0
YSG_0364	CYA_1528	CYB_0325	Yes	Yes	0	0	0	1	0	0	1
YSG_0366	CYA_2603	CYB_2265	Yes	Yes	0	12	0	0	0	0	12
YSG_0367	CYA_2066	CYB_1974	Yes	Yes	0	0	0	0	0	0	0
YSG_0368	CYA_2072	CYB_0647	Yes	Yes	0	0	0	0	0	0	0
YSG_0369	CYA_0848	CYB_2153	Yes	Yes	0	0	0	0	0	0	0
YSG_0370b	CYA_1988	CYB_0095	Yes	Yes	0	0	0	0	0	0	0
YSG_0371	CYA_1586	CYB_0392	Yes	Yes	2	0	1	0	0	0	3
YSG_0372	CYA_0497	CYB_0554	Yes	Yes	0	0	0	0	0	0	0
YSG_0373	CYA_2519	CYB_1970	Yes	Yes	0	0	0	0	0	0	0
YSG_0374	CYA_1105	CYB_1333	Yes	Yes	0	13	0	0	0	0	13
YSG_0375	CYA_1168	CYB_2607	Yes	Yes	0	0	0	0	0	0	0
YSG_0376	CYA_1747	CYB_0217	Yes	Yes	0	0	0	0	0	0	0
YSG_0377	CYA_1564	CYB_1065	Yes	Yes	3	0	0	0	0	0	3
YSG_0379	CYA_1743	CYB_0221	Yes	Yes	0	0	0	0	0	0	0
YSG_0380	CYA_1462	CYB_0655	Yes	Yes	0	0	0	0	0	0	0
YSG_0381	CYA_1267	CYB_0319	Yes	Yes	0	0	0	0	0	0	0
YSG_0382	CYA_0057	CYB_1183	Yes	Yes	0	0	0	0	0	0	0
YSG_0383	CYA_1166	CYB_2609	Yes	Yes	0	0	0	0	0	0	0
YSG_0384	CYA_0633	CYB_0904	Yes	Yes	0	0	0	0	0	0	0
YSG_0385	CYA_2563	CYB_0808	Yes	Yes	0	0	0	0	0	0	0
YSG_0386	CYA_1268	CYB_0320	Yes	Yes	0	0	1	0	0	0	1
YSG_0387	CYA_0703	CYB_2897	Yes	Yes	8	5	0	0	0	0	13
YSG_0389	CYA_0830	CYB_1834	Yes	Yes	0	0	0	0	0	0	0
YSG_0390	CYA_1901	CYB_0489	Yes	Yes	0	0	0	0	0	0	0
YSG_0392	CYA_2499	CYB_0690	Yes	Yes	0	0	0	0	0	0	0
YSG_0393b	CYA_0675	CYB_2114	Yes	Yes	0	0	0	0	0	0	0
YSG_0394	CYA_1627	CYB_1897	Yes	Yes	0	0	0	0	0	0	0
YSG_0395	CYA_0456	CYB_2246	Yes	Yes	0	0	0	0	0	0	0
YSG_0396	CYA_2633		Yes	Yes	0	0	0	0	0	0	0
YSG_0397	CYA_1606	CYB_1801	Yes	Yes	0	0	0	0	0	0	0
YSG_0398	CYA_2523		Yes	Yes	0	0	0	0	0	0	0
YSG_0400	CYA_0252	CYB_0625	Yes	Yes	0	0	0	0	0	0	0
YSG_0401	CYA_1742	CYB_0622	Yes	Yes	0	0	0	0	0	0	0
YSG_0402	CYA_1463		Yes	Yes	0	0	0	0	0	0	0
YSG_0403	CYA_1459	CYB_0652	Yes	Yes	0	0	0	0	0	0	0
YSG_0405		CYB_2154	Yes	Yes	0	0	0	0	0	0	0
YSG_0407	CYA_0961	CYB_0293	Yes	Yes	0	2	0	0	0	0	2
YSG_0408b	CYA_0955	CYB_0176	Yes	Yes	0	39	0	0	0	0	39
YSG_0409	CYA_1099	CYB_0675	Yes	Yes	0	0	0	0	0	0	0
YSG_0410	CYA_0064	CYB_1176	Yes	Yes	0	0	0	0	0	0	0
YSG_0411	CYA_0100	CYB_2066	Yes	Yes	0	0	0	0	0	0	0
YSG_0412	CYA_1169	CYB_2606	Yes	Yes	0	0	0	0	0	0	0
YSG_0413	CYA_1526	CYB_0324	Yes	Yes	0	0	0	0	0	0	0
YSG_0414	CYA_0832	CYB_1836	Yes	Yes	0	0	0	0	0	0	0
YSG_0415	CYA_1047	CYB_2872	Yes	Yes	0	0	0	0	0	0	0
YSG_0417	CYA_0995	CYB_0485	Yes	Yes	0	0	0	0	0	0	0
YSG_0418	CYA_0993	CYB_0487	Yes	Yes	0	0	0	0	0	0	0
YSG_0419	CYA_0069	CYB_1173	Yes	Yes	0	0	0	0	0	0	0
YSG_0421	CYA_1299	CYB_0918	Yes	Yes	0	0	0	0	0	0	0
YSG_0422	CYA_0477	CYB_0245	Yes	Yes	0	0	0	0	0	0	0
YSG_0423	CYA_1751	CYB_0212	Yes	Yes	4	0	0	0	0	0	4
YSG_0424	CYA_2375	CYB_2349	Yes	Yes	13	0	0	0	0	34	47
YSG_0425	CYA_2374	CYB_2348	Yes	Yes	0	0	0	0	0	0	0
YSG_0426	CYA_0414	CYB_2441	Yes	Yes	0	0	0	0	0	0	0
YSG_0427			Yes	Yes	0	0	7	0	0	0	7
YSG_0428	CYA_1608	CYB_1799	Yes	Yes	0	0	0	0	0	0	0
YSG_0429	CYA_1525	CYB_0323	Yes	Yes	0	0	0	0	0	0	0
YSG_0430	CYA_1213	CYB_2552	Yes	Yes	0	0	0	0	0	0	0
YSG_0431	CYA_2771	CYB_2472	Yes	Yes	0	0	0	0	0	0	0
YSG_0432			Yes	Yes	0	0	0	0	0	0	0
YSG_0433	CYA_1902	CYB_0490	Yes	Yes	0	0	0	0	0	0	0
YSG_0434	CYA_0847	CYB_2152	Yes	Yes	0	0	0	0	0	0	0
YSG_0435	CYA_1230	CYB_1548	Yes	Yes	0	0	0	0	0	0	0
YSG_0436	CYA_1026	CYB_2629	Yes	Yes	0	0	0	0	0	0	0
YSG_0439	CYA_0632	CYB_0901	Yes	Yes	0	0	0	0	0	0	0
YSG_0440	CYA_0806	CYB_0753	Yes	Yes	0	0	15	0	0	0	15
YSG_0441	CYA_1550	CYB_1081	Yes	Yes	0	0	0	0	0	0	0
YSG_0442	CYA_1300	CYB_0919	Yes	Yes	0	0	0	0	0	0	0
YSG_0443	CYA_0719	CYB_2915	Yes	Yes	0	0	0	0	0	0	0
YSG_0445	CYA_2367	CYB_2341	Yes	Yes	0	0	0	0	0	0	0
YSG_0447	CYA_1173	CYB_2602	Yes	Yes	0	0	0	0	0	0	0
YSG_0448	CYA_1752	CYB_0211	Yes	Yes	0	0	0	0	0	0	0
YSG_0449	CYA_1780	CYB_1222	Yes	Yes	0	0	0	0	0	0	0
YSG_0450	CYA_0413	CYB_2439	Yes	Yes	0	0	0	0	0	0	0
YSG_0451b	CYA_1164	CYB_2611	Yes	Yes	0	0	0	0	0	0	0
YSG_0452	CYA_1483	CYB_1472	Yes	Yes	0	0	0	0	0	0	0
YSG_0453	CYA_1484	CYB_1471	Yes	Yes	0	0	0	0	0	0	0
YSG_0454	CYA_0697	CYB_2901	Yes	Yes	0	0	4	0	0	0	4
YSG_0455	CYA_2750	CYB_0628	Yes	Yes	0	0	0	0	0	0	0
YSG_0456	CYA_2665	CYB_2427	Yes	Yes	0	0	0	0	0	0	0
YSG_0459	CYA_2183	CYB_1412	Yes	Yes	0	0	0	0	0	0	0
YSG_0460	CYA_2552	CYB_1774	Yes	Yes	0	0	0	0	0	0	0
YSG_0462	CYA_0415	CYB_2442	Yes	Yes	0	0	0	0	0	0	0
YSG_0463	CYA_1266	CYB_0318	Yes	Yes	0	0	0	0	0	0	0
YSG_0464	CYA_1269	CYB_0321	Yes	Yes	0	0	1	0	0	0	1
YSG_0465	CYA_0384	CYB_1849	Yes	Yes	0	0	0	0	0	0	0
YSG_0466b	CYA_0483	CYB_0347	Yes	Yes	0	0	0	0	0	0	0
YSG_0467	CYA_0992	CYB_0338	Yes	Yes	0	0	0	0	0	0	0
YSG_0468		CYB_1901	Yes	Yes	0	0	0	0	0	0	0
YSG_0469	CYA_1756	CYB_0207	Yes	Yes	5	0	0	0	0	0	5
YSG_0471	CYA_2376	CYB_2350	Yes	Yes	0	0	0	0	0	0	0
YSG_0472	CYA_0417	CYB_2443	Yes	Yes	0	0	0	0	0	0	0
YSG_0473	CYA_0521	CYB_0297	Yes	Yes	0	0	0	0	0	0	0
YSG_0474b	CYA_1165	CYB_2610	Yes	Yes	0	0	0	0	0	0	0
YSG_0475		CYB_2614	Yes	Yes	0	0	0	0	0	0	0
YSG_0476	CYA_0799	CYB_1339	Yes	Yes	0	0	0	0	0	0	0
YSG_0477b	CYA_0148	CYB_1886	Yes	Yes	0	0	0	0	0	0	0
YSG_0478	CYA_1565	CYB_1064	Yes	Yes	2	0	0	0	0	0	2
YSG_0479	CYA_0598	CYB_0030	Yes	Yes	0	0	0	0	0	0	0
YSG_0480	CYA_1764	CYB_1208	Yes	Yes	0	0	0	0	0	0	0
YSG_0482	CYA_2197	CYB_2025	Yes	Yes	0	0	0	0	0	0	0
YSG_0483b	CYA_2545	CYB_0840	Yes	Yes	0	0	0	0	0	0	0
YSG_0484		CYB_0751	Yes	Yes	0	0	0	0	0	0	0
YSG_0485	CYA_1023	CYB_2632	Yes	Yes	0	0	0	0	0	0	0
YSG_0486	CYA_2272	CYB_0455	Yes	Yes	0	0	0	0	0	0	0
YSG_0487	CYA_0994	CYB_0486	Yes	Yes	0	0	0	0	0	0	0
YSG_0489	CYA_1624	CYB_1900	Yes	Yes	0	0	0	0	0	0	0
YSG_0491	CYA_0457	CYB_2245	Yes	Yes	0	0	0	0	0	0	0
YSG_0493b	CYA_1340	CYB_2214	Yes	Yes	0	0	0	0	0	0	0
YSG_0494b	CYA_1730	CYB_1917	Yes	Yes	0	1	0	0	0	0	1
YSG_0495	CYA_1174	CYB_2601	Yes	Yes	0	0	0	0	0	0	0
YSG_0496	CYA_2629	CYB_0668	Yes	Yes	0	0	0	0	0	0	0
YSG_0497	CYA_2632	CYB_0664	Yes	Yes	0	0	0	0	0	1	1
YSG_0498	CYA_1782	CYB_1223	Yes	Yes	0	0	0	0	0	0	0
YSG_0499b	CYA_1162	CYB_2613	Yes	Yes	0	0	0	0	0	0	0
YSG_0500	CYA_0239		Yes	Yes	0	0	0	0	0	0	0
YSG_0501	CYA_2668	CYB_2164	Yes	Yes	0	0	0	0	0	3	3
YSG_0502			Yes	Yes	0	0	0	0	0	0	0
YSG_0503	CYA_0383	CYB_1852	Yes	Yes	0	0	0	0	0	0	0
YSG_0504	CYA_0382	CYB_1851	Yes	Yes	0	0	0	0	0	0	0
YSG_0505		CYB_0425	Yes	Yes	0	0	0	0	0	0	0
YSG_0506	CYA_1818	CYB_0427	Yes	Yes	0	0	0	0	0	0	0
YSG_0507	CYA_2180	CYB_0359	Yes	Yes	0	0	0	0	82	0	82
YSG_0508	CYA_0662	CYB_0613	Yes	Yes	0	0	0	0	0	0	0
YSG_0509	CYA_0651	CYB_0287	Yes	Yes	0	41	0	0	0	0	41
YSG_0510	CYA_1048	CYB_2873	Yes	Yes	0	0	0	0	0	0	0
YSG_0511	CYA_1065	CYB_0267	Yes	Yes	0	0	0	0	0	0	0
YSG_0512	CYA_2590	CYB_2369	Yes	Yes	0	0	0	0	0	0	0
YSG_0513	CYA_1961	CYB_2789	Yes	Yes	0	0	0	0	0	0	0
YSG_0515	CYA_0052	CYB_1185	Yes	Yes	0	0	0	0	0	0	0
YSG_0517	CYA_1625	CYB_1899	Yes	Yes	0	0	0	0	0	0	0
YSG_0518	CYA_1622	CYB_1902	Yes	Yes	0	0	0	0	0	0	0
YSG_0519	CYA_2065	CYB_1975	Yes	Yes	0	0	0	0	0	0	0
YSG_0520	CYA_0065	CYB_1175	Yes	Yes	0	0	0	0	0	1	1
YSG_0521	CYA_1339	CYB_2213	Yes	Yes	0	0	0	0	0	0	0
YSG_0522	CYA_1297	CYB_0915	Yes	Yes	0	0	0	0	0	0	0
YSG_0523	CYA_0673	CYB_1056	Yes	Yes	0	0	0	0	0	1	1
YSG_0525	CYA_0576	CYB_0059	Yes	Yes	0	0	0	0	0	0	0
YSG_0526b	CYA_1519	CYB_1094	Yes	Yes	0	0	0	0	0	0	0
YSG_0527	CYA_1171	CYB_2604	Yes	Yes	0	0	0	0	0	0	0
YSG_0528	CYA_1170	CYB_2605	Yes	Yes	0	0	0	0	0	0	0
YSG_0529	CYA_1307	CYB_0926	Yes	Yes	0	0	0	0	0	0	0
YSG_0530b	CYA_1779	CYB_1221	Yes	Yes	0	0	0	0	0	0	0
YSG_0531	CYA_1535	CYB_1417	Yes	Yes	0	0	0	0	0	0	0
YSG_0532	CYA_2295	CYB_1325	Yes	Yes	0	0	0	5	0	0	5
YSG_0535	CYA_1557	CYB_1072	Yes	Yes	0	0	0	0	0	0	0
YSG_0536	CYA_1602	CYB_1803	Yes	Yes	0	0	0	0	0	0	0
YSG_0537	CYA_0702	CYB_2898	Yes	Yes	0	0	0	0	0	0	0
YSG_0538b	CYA_2507	CYB_0683	Yes	Yes	0	0	0	0	0	0	0
YSG_0539	CYA_2667	CYB_2430	Yes	Yes	0	0	0	0	0	0	0
YSG_0540	CYA_0401	CYB_2160	Yes	Yes	0	0	0	0	0	0	0
YSG_0541	CYA_2146	CYB_0522	Yes	Yes	0	0	0	0	0	0	0
YSG_0542	CYA_0935	CYB_0891	Yes	Yes	0	0	0	0	0	0	0
YSG_0544	CYA_2142	CYB_0526	Yes	Yes	0	0	0	0	0	0	0
YSG_0545	CYA_1900	CYB_0488	Yes	Yes	0	0	0	0	0	1	1
YSG_0546	CYA_0385	CYB_1848	Yes	Yes	0	0	0	0	0	0	0
YSG_0547	CYA_1155	CYB_2621	Yes	Yes	0	0	0	0	0	0	0
YSG_0548	CYA_0581	CYB_0063	Yes	Yes	0	0	0	0	0	0	0
YSG_0549	CYA_0580	CYB_0062	Yes	Yes	0	0	0	0	0	0	0
YSG_0551	CYA_1589	CYB_0395	Yes	Yes	2	0	3	0	0	0	5
YSG_0553	CYA_2780	CYB_2464	Yes	Yes	0	0	0	0	0	0	0
YSG_0554	CYA_1910	CYB_2001	Yes	Yes	0	0	0	0	0	0	0
YSG_0555	CYA_0099	CYB_2065	Yes	Yes	0	0	0	0	0	0	0
YSG_0556	CYA_0960	CYB_0292	Yes	Yes	0	44	0	0	0	0	44
YSG_0557	CYA_1755	CYB_0208	Yes	Yes	5	0	0	0	0	0	5
YSG_0559	CYA_2377	CYB_2351	Yes	Yes	0	0	0	0	0	0	0
YSG_0562	CYA_1778	CYB_1220	Yes	Yes	0	0	0	0	0	0	0
YSG_0563	CYA_0811		Yes	Yes	0	0	0	0	0	0	0
YSG_0564	CYA_1006	CYB_0478	Yes	Yes	0	0	0	0	0	0	0
YSG_0565	CYA_1005	CYB_0479	Yes	Yes	0	0	0	0	0	0	0
YSG_0567	CYA_1805	CYB_2387	Yes	Yes	0	0	0	0	0	0	0
YSG_0568	CYA_1514	CYB_2697	Yes	Yes	0	0	0	0	0	0	0
YSG_0570	CYA_1538	CYB_1420	Yes	Yes	0	0	0	0	0	0	0
YSG_0571	CYA_0947	CYB_2481	Yes	Yes	0	37	0	0	0	0	37
YSG_0572	CYA_1819	CYB_0426	Yes	Yes	0	0	0	0	0	0	0
YSG_0573	CYA_0398	CYB_2157	Yes	Yes	0	0	0	0	0	0	0
YSG_0574	CYA_1784	CYB_1224	Yes	Yes	0	0	0	0	0	0	0
YSG_0576b	CYA_2554	CYB_2531	Yes	Yes	0	0	0	0	0	0	0
YSG_0577	CYA_1640	CYB_1536	Yes	Yes	0	0	0	0	0	0	0
YSG_0578b	CYA_2626	CYB_0671	Yes	Yes	0	0	0	0	0	0	0
YSG_0579	CYA_1590	CYB_0396	Yes	Yes	7	0	3	0	0	0	10
YSG_0580	CYA_1142	CYB_2649	Yes	Yes	0	0	8	0	0	0	8
YSG_0582	CYA_0482	CYB_0348	Yes	Yes	0	0	0	0	0	0	0
YSG_0584	CYA_0093	CYB_2060	Yes	Yes	0	0	0	0	0	0	0
YSG_0585	CYA_2848	CYB_0114	Yes	Yes	0	0	0	0	0	0	0
YSG_0586	CYA_1172	CYB_2603	Yes	Yes	0	0	0	0	0	0	0
YSG_0587	CYA_0504	CYB_0157	Yes	Yes	0	0	0	0	0	0	0
YSG_0588b	CYA_1160	CYB_2615	Yes	Yes	0	0	0	0	0	0	0
YSG_0590	CYA_2291	CYB_1320	Yes	Yes	0	0	0	1	0	0	1
YSG_0591	CYA_1556	CYB_1073	Yes	Yes	0	0	0	0	0	0	0
YSG_0592	CYA_1749	CYB_0215	Yes	Yes	0	36	0	0	0	0	36
YSG_0593	CYA_2816	CYB_0820	Yes	Yes	0	0	0	0	0	0	0
YSG_0594	CYA_2815	CYB_0819	Yes	Yes	0	0	0	0	0	0	0
YSG_0596b		CYB_2272	Yes	Yes	0	0	0	0	0	0	0
YSG_0597	CYA_0937	CYB_0893	Yes	Yes	0	0	0	0	0	0	0
YSG_0598	CYA_0380	CYB_1856	Yes	Yes	0	0	0	0	0	0	0
YSG_0600			Yes	Yes	0	0	0	0	0	0	0
YSG_0602	CYA_2559	CYB_0811	Yes	Yes	0	0	0	0	0	0	0
YSG_0603	CYA_2143	CYB_0525	Yes	Yes	0	0	0	2	0	0	2
YSG_0604	CYA_1960	CYB_2787	Yes	Yes	0	0	12	0	0	0	12
YSG_0606	CYA_0578	CYB_0061	Yes	Yes	0	0	0	0	0	0	0
YSG_0607	CYA_0022	CYB_2922	Yes	Yes	0	35	0	0	0	0	35
YSG_0608b	CYA_2852	CYB_0112	Yes	Yes	0	0	0	0	0	0	0
YSG_0609	CYA_0467	CYB_0235	Yes	Yes	0	0	0	0	0	0	0
YSG_0610	CYA_0474	CYB_0242	Yes	Yes	0	0	0	0	0	0	0
YSG_0611	CYA_0094	CYB_2061	Yes	Yes	0	0	0	0	0	0	0
YSG_0612		CYB_0295	Yes	Yes	0	0	0	0	0	0	0
YSG_0613	CYA_0950	CYB_0182	Yes	Yes	0	0	0	0	0	0	0
YSG_0614	CYA_1750	CYB_0214	Yes	Yes	4	0	0	0	0	0	4
YSG_0615	CYA_1753	CYB_0210	Yes	Yes	5	0	0	0	0	0	5
YSG_0616	CYA_2649	CYB_1733	Yes	Yes	0	0	0	0	0	0	0
YSG_0617	CYA_2631	CYB_0666	Yes	Yes	0	0	0	0	0	0	0
YSG_0618	CYA_0575	CYB_0058	Yes	Yes	0	0	0	0	0	0	0
YSG_0619	CYA_0574	CYB_0057	Yes	Yes	0	0	0	0	0	0	0
YSG_0621	CYA_0072	CYB_1761	Yes	Yes	0	0	0	0	0	0	0
YSG_0622	CYA_2370	CYB_2344	Yes	Yes	12	0	0	0	0	0	12
YSG_0623	CYA_2387	CYB_0121	Yes	Yes	0	0	0	0	0	0	0
YSG_0624	CYA_2663	CYB_2425	Yes	Yes	0	0	0	0	0	1	1
YSG_0625	CYA_0671	CYB_1058	Yes	Yes	0	0	12	0	0	0	12
YSG_0626	CYA_0790	CYB_2937	Yes	Yes	0	0	0	0	0	0	0
YSG_0627	CYA_0243	CYB_1786	Yes	Yes	0	0	0	0	0	0	0
YSG_0628		CYB_0358	Yes	Yes	0	1	0	0	85	0	86
YSG_0629	CYA_1802	CYB_2536	Yes	Yes	0	0	0	0	0	0	0
YSG_0630	CYA_2247	CYB_2411	Yes	Yes	0	0	0	0	0	0	0
YSG_0631	CYA_0896	CYB_0605	Yes	Yes	0	0	0	0	0	0	0
YSG_0632	CYA_0836	CYB_1839	Yes	Yes	0	0	0	0	0	0	0
YSG_0633	CYA_0768	CYB_0097	Yes	Yes	0	0	0	0	0	0	0
YSG_0634	CYA_1641	CYB_1537	Yes	Yes	0	0	0	0	0	0	0
YSG_0635	CYA_2144	CYB_0524	Yes	Yes	0	0	0	0	0	0	0
YSG_0636	CYA_1843	CYB_0402	Yes	Yes	0	0	0	0	0	0	0
YSG_0637		CYB_1546	Yes	Yes	0	0	0	0	0	0	0
YSG_0639	CYA_1630	CYB_1278	Yes	Yes	0	0	0	0	0	0	0
YSG_0640	CYA_2273	CYB_0454	Yes	Yes	0	0	0	0	0	0	0
YSG_0642	CYA_0991	CYB_0337	Yes	Yes	0	0	0	0	0	0	0
YSG_0644	CYA_1255		Yes	Yes	0	0	0	0	0	0	0
YSG_0645	CYA_1341	CYB_2215	Yes	Yes	0	0	0	0	0	0	0
YSG_0648	CYA_1577	CYB_0382	Yes	Yes	0	0	0	0	0	0	0
YSG_0649	CYA_2491	CYB_0699	Yes	Yes	0	0	2	0	0	0	2
YSG_0650	CYA_0123		Yes	Yes	0	0	0	0	0	0	0
YSG_0651	CYA_0122	CYB_2771	Yes	Yes	0	0	0	0	0	0	0
YSG_0652	CYA_2877	CYB_1662	Yes	Yes	0	0	0	0	0	0	0
YSG_0653	CYA_1754	CYB_0209	Yes	Yes	5	0	0	0	0	0	5
YSG_0654	CYA_0378	CYB_1858	Yes	Yes	0	0	0	0	0	0	0
YSG_0655	CYA_0519	CYB_0299	Yes	Yes	0	0	0	0	0	0	0
YSG_0656	CYA_2502	CYB_0687	Yes	Yes	0	0	0	0	0	0	0
YSG_0657	CYA_1549	CYB_1082	Yes	Yes	0	0	0	0	0	0	0
YSG_0658	CYA_2500	CYB_0689	Yes	Yes	0	0	0	0	0	0	0
YSG_0659	CYA_2324	CYB_1766	Yes	Yes	0	0	0	0	0	0	0
YSG_0660	CYA_0010	CYB_0279	Yes	Yes	0	0	0	0	0	0	0
YSG_0661	CYA_1800	CYB_2534	Yes	Yes	0	0	0	0	0	0	0
YSG_0663	CYA_2548	CYB_0843	Yes	Yes	0	0	0	0	0	0	0
YSG_0664			Yes	Yes	0	0	0	0	0	0	0
YSG_0665	CYA_0650	CYB_0288	Yes	Yes	0	40	0	0	0	0	40
YSG_0666	CYA_1985	CYB_0092	Yes	Yes	0	0	0	0	0	0	0
YSG_0668	CYA_0495	CYB_0552	Yes	Yes	0	0	0	0	0	0	0
YSG_0669	CYA_0679		Yes	Yes	7	0	0	0	0	0	7
YSG_0670		CYB_2115	Yes	Yes	4	0	0	0	0	0	4
YSG_0671	CYA_1907	CYB_0496	Yes	Yes	0	0	0	0	0	0	0
YSG_0672	CYA_1909	CYB_0498	Yes	Yes	0	0	0	0	0	0	0
YSG_0673	CYA_0019	CYB_2920	Yes	Yes	0	0	0	0	0	0	0
YSG_0674	CYA_0454	CYB_2248	Yes	Yes	0	0	0	0	0	0	0
YSG_0675	CYA_0930	CYB_1039	Yes	Yes	0	0	0	0	0	0	0
YSG_0676	CYA_1729	CYB_1918	Yes	Yes	0	0	0	0	0	0	0
YSG_0677b	CYA_1899	CYB_1867	Yes	Yes	0	0	0	0	0	0	0
YSG_0678	CYA_0055	CYB_1184	Yes	Yes	0	0	0	0	0	0	0
YSG_0679	CYA_2492	CYB_0698	Yes	Yes	0	0	0	0	0	0	0
YSG_0680	CYA_2650	CYB_1732	Yes	Yes	0	0	0	0	0	0	0
YSG_0681	CYA_1159	CYB_2616	Yes	Yes	0	0	0	0	0	0	0
YSG_0682	CYA_1706	CYB_1026	Yes	Yes	0	0	0	0	0	0	0
YSG_0683	CYA_1945	CYB_0642	Yes	Yes	0	0	0	0	0	0	0
YSG_0684	CYA_2798	CYB_0963	Yes	Yes	0	0	0	0	0	0	0
YSG_0686	CYA_2293	CYB_1323	Yes	Yes	0	0	0	0	0	0	0
YSG_0687b	CYA_2781	CYB_2461	Yes	Yes	1	0	0	0	0	0	1
YSG_0688	CYA_1994	CYB_2332	Yes	Yes	0	0	0	0	0	0	0
YSG_0689b	CYA_1370	CYB_2893	Yes	Yes	0	0	0	0	0	0	0
YSG_0690	CYA_0309	CYB_2916	Yes	Yes	0	0	0	0	0	0	0
YSG_0691	CYA_1533	CYB_0541	Yes	Yes	0	0	0	0	0	0	0
YSG_0693	CYA_0789	CYB_2936	Yes	Yes	0	41	0	0	0	0	41
YSG_0694	CYA_0251	CYB_2243	Yes	Yes	0	0	0	0	0	0	0
YSG_0696	CYA_2246	CYB_2412	Yes	Yes	0	0	0	0	0	0	0
YSG_0697	CYA_2253	CYB_2404	Yes	Yes	0	0	0	0	0	0	0
YSG_0698	CYA_1769	CYB_1213	Yes	Yes	1	0	0	0	0	0	1
YSG_0699	CYA_2611	CYB_2270	Yes	Yes	0	0	0	0	0	0	0
YSG_0700	CYA_1077	CYB_1001	Yes	Yes	0	0	0	0	0	0	0
YSG_0701	CYA_0369	CYB_2493	Yes	Yes	0	0	0	0	0	0	0
YSG_0702	CYA_1457	CYB_0649	Yes	Yes	0	0	0	0	0	0	0
YSG_0703	CYA_2564	CYB_0807	Yes	Yes	0	0	0	0	0	0	0
YSG_0705	CYA_0913	CYB_0990	Yes	Yes	0	0	0	0	0	0	0
YSG_0706	CYA_1027	CYB_2628	Yes	Yes	0	0	0	0	0	0	0
YSG_0707	CYA_1617	CYB_1791	Yes	Yes	0	0	0	0	0	0	0
YSG_0708	CYA_1140	CYB_2650	Yes	Yes	0	0	7	0	0	0	7
YSG_0709	CYA_2130	CYB_0971	Yes	Yes	0	0	0	0	0	0	0
YSG_0710	CYA_0953	CYB_0178	Yes	Yes	0	1	0	0	0	0	1
YSG_0711	CYA_2734	CYB_1942	Yes	Yes	0	0	0	0	0	0	0
YSG_0712	CYA_1908	CYB_0497	Yes	Yes	0	0	0	0	0	0	0
YSG_0714	CYA_2864	CYB_1274	Yes	Yes	0	0	0	0	0	0	0
YSG_0715	CYA_1652	CYB_1634	Yes	Yes	0	0	0	0	0	0	0
YSG_0716	CYA_0872	CYB_2853	Yes	Yes	0	28	0	0	0	0	28
YSG_0717	CYA_1473	CYB_1671	Yes	Yes	0	0	0	0	0	0	0
YSG_0719b	CYA_2494	CYB_0695	Yes	Yes	0	0	0	0	0	0	0
YSG_0720	CYA_1521	CYB_1096	Yes	Yes	0	0	0	0	0	0	0
YSG_0721	CYA_0121	CYB_2770	Yes	Yes	0	0	0	0	0	0	0
YSG_0722	CYA_2880	CYB_1659	Yes	Yes	1	0	0	0	0	0	1
YSG_0723	CYA_2674	CYB_2169	Yes	Yes	0	0	0	0	0	0	0
YSG_0724	CYA_0259	CYB_0673	Yes	Yes	0	0	0	0	0	0	0
YSG_0726	CYA_2325	CYB_2038	Yes	Yes	0	19	0	0	0	0	19
YSG_0727	CYA_1284	CYB_0932	Yes	Yes	0	0	0	0	0	0	0
YSG_0728	CYA_1995	CYB_2333	Yes	Yes	0	0	0	0	0	0	0
YSG_0729	CYA_0356	CYB_0705	Yes	Yes	0	0	0	0	0	0	0
YSG_0730	CYA_1508	CYB_2704	Yes	Yes	0	13	0	0	0	0	13
YSG_0731	CYA_0349	CYB_2100	Yes	Yes	0	0	0	0	0	0	0
YSG_0732	CYA_0011	CYB_0278	Yes	Yes	0	0	0	0	0	0	0
YSG_0733	CYA_1925	CYB_2016	Yes	Yes	0	0	0	0	0	0	0
YSG_0734			Yes	Yes	0	0	0	0	0	0	0
YSG_0735	CYA_2429	CYB_1496	Yes	Yes	0	0	0	0	0	0	0
YSG_0736	CYA_2560	CYB_0810	Yes	Yes	0	0	0	0	0	0	0
YSG_0737	CYA_0772	CYB_0195	Yes	Yes	0	0	0	0	0	0	0
YSG_0738	CYA_0914	CYB_0989	Yes	Yes	0	0	0	0	0	0	0
YSG_0739	CYA_1845	CYB_0399	Yes	Yes	0	0	0	0	0	0	0
YSG_0740	CYA_1844	CYB_0401	Yes	Yes	0	0	0	0	0	0	0
YSG_0741	CYA_1833	CYB_0412	Yes	Yes	0	0	0	0	0	0	0
YSG_0742b	CYA_0584	CYB_0066	Yes	Yes	0	0	0	0	0	0	0
YSG_0743	CYA_2711	CYB_1870	Yes	Yes	0	34	0	0	0	0	34
YSG_0744			Yes	Yes	0	0	0	0	0	0	0
YSG_0745	CYA_1114	CYB_1362	Yes	Yes	0	0	0	0	0	0	0
YSG_0746	CYA_2899	CYB_0079	Yes	Yes	0	0	0	0	0	1	1
YSG_0747	CYA_1903	CYB_0491	Yes	Yes	0	0	0	0	0	0	0
YSG_0749	CYA_0718	CYB_2912	Yes	Yes	0	0	0	0	0	0	0
YSG_0750	CYA_0089	CYB_2056	Yes	Yes	0	0	0	0	0	0	0
YSG_0751	CYA_1051	CYB_2399	Yes	Yes	0	0	0	0	0	0	0
YSG_0752	CYA_1897	CYB_1865	Yes	Yes	0	0	0	0	0	0	0
YSG_0753	CYA_1177	CYB_2598	Yes	Yes	0	0	0	0	0	0	0
YSG_0754	CYA_0577	CYB_0060	Yes	Yes	0	0	0	0	0	0	0
YSG_0755	CYA_0559	CYB_2363	Yes	Yes	0	0	0	0	0	0	0
YSG_0756	CYA_1253	CYB_0725	Yes	Yes	0	0	0	0	0	0	0
YSG_0757	CYA_0207	CYB_1251	Yes	Yes	0	0	0	0	0	0	0
YSG_0758	CYA_2762	CYB_2456	Yes	Yes	0	0	0	0	0	0	0
YSG_0759	CYA_1310	CYB_0929	Yes	Yes	0	0	0	0	62	0	62
YSG_0760	CYA_0445	CYB_0794	Yes	Yes	0	0	0	0	0	0	0
YSG_0761	CYA_2438	CYB_1487	Yes	Yes	0	0	0	0	0	0	0
YSG_0762	CYA_1613	CYB_1795	Yes	Yes	0	0	0	0	0	0	0
YSG_0763	CYA_1068	CYB_0263	Yes	Yes	0	0	0	0	0	0	0
YSG_0764	CYA_2767	CYB_2460	Yes	Yes	0	0	0	0	0	0	0
YSG_0765	CYA_2655	CYB_2418	Yes	Yes	0	0	0	0	0	0	0
YSG_0766	CYA_0324	CYB_1705	Yes	Yes	0	0	0	0	0	0	0
YSG_0767	CYA_2107	CYB_2667	Yes	Yes	0	0	0	0	0	0	0
YSG_0768	CYA_1875	CYB_1560	Yes	Yes	0	0	0	0	0	0	0
YSG_0769	CYA_1063	CYB_0270	Yes	Yes	0	0	0	0	0	0	0
YSG_0770	CYA_2430	CYB_1495	Yes	Yes	0	0	0	0	0	0	0
YSG_0771	CYA_2562	CYB_0809	Yes	Yes	0	0	0	0	0	0	0
YSG_0772		CYB_0611	Yes	Yes	0	0	0	0	0	0	0
YSG_0773	CYA_1044	CYB_2867	Yes	Yes	0	0	0	0	0	0	0
YSG_0775	CYA_1066	CYB_0266	Yes	Yes	1	0	0	0	0	0	1
YSG_0776	CYA_2125	CYB_2686	Yes	Yes	0	0	0	0	0	0	0
YSG_0777	CYA_2123	CYB_2684	Yes	Yes	0	0	0	0	0	0	0
YSG_0778	CYA_1631	CYB_1279	Yes	Yes	0	0	0	0	0	0	0
YSG_0779	CYA_0915	CYB_0988	Yes	Yes	0	0	0	0	0	0	0
YSG_0780	CYA_1963	CYB_2145	Yes	Yes	0	0	0	0	0	0	0
YSG_0781	CYA_2267	CYB_0460	Yes	Yes	0	0	0	0	0	0	0
YSG_0783	CYA_1967	CYB_2141	Yes	Yes	0	0	0	0	0	0	0
YSG_0784	CYA_2112	CYB_2672	Yes	Yes	0	0	0	0	0	0	0
YSG_0785	CYA_0552	CYB_0768	Yes	Yes	0	0	0	0	0	0	0
YSG_0786	CYA_0683	CYB_2122	Yes	Yes	7	0	0	0	0	0	7
YSG_0787b	CYA_2873	CYB_1666	Yes	Yes	0	0	0	0	0	0	0
YSG_0788	CYA_0964	CYB_0881	Yes	Yes	0	0	0	0	0	0	0
YSG_0789	CYA_1551	CYB_1080	Yes	Yes	0	0	0	0	0	0	0
YSG_0791	CYA_1944	CYB_1543	Yes	Yes	0	0	0	0	0	0	0
YSG_0792	CYA_2469	CYB_2073	Yes	Yes	0	0	0	0	0	0	0
YSG_0793	CYA_1572	CYB_0377	Yes	Yes	0	0	1	0	0	0	1
YSG_0794	CYA_1368	CYB_2895	Yes	Yes	0	0	0	0	0	0	0
YSG_0795	CYA_1814	CYB_0431	Yes	Yes	0	0	0	0	0	0	0
YSG_0796	CYA_0119	CYB_2768	Yes	Yes	0	0	0	0	0	0	0
YSG_0799	CYA_0763	CYB_0128	Yes	Yes	0	0	0	0	0	0	0
YSG_0801	CYA_1003	CYB_0481	Yes	Yes	0	0	0	0	0	0	0
YSG_0802b	CYA_0406	CYB_2433	Yes	Yes	0	0	0	0	0	0	0
YSG_0803	CYA_1804	CYB_2388	Yes	Yes	0	0	0	0	0	0	0
YSG_0804	CYA_1744	CYB_0220	Yes	Yes	0	0	0	0	0	0	0
YSG_0806	CYA_1500	CYB_0357	Yes	Yes	0	1	0	0	0	0	1
YSG_0807	CYA_1509	CYB_2703	Yes	Yes	0	0	0	0	0	0	0
YSG_0808	CYA_2245	CYB_2413	Yes	Yes	0	0	0	0	0	0	0
YSG_0810	CYA_2612		Yes	Yes	0	0	0	0	0	0	0
YSG_0811	CYA_2419	CYB_2294	Yes	Yes	0	0	0	0	0	0	0
YSG_0812b	CYA_0368	CYB_2492	Yes	Yes	0	0	0	0	0	0	0
YSG_0813	CYA_0826	CYB_1830	Yes	Yes	0	0	0	0	0	0	0
YSG_0814	CYA_0825	CYB_1829	Yes	Yes	0	0	0	0	0	0	0
YSG_0815	CYA_1062		Yes	Yes	0	0	9	0	0	0	9
YSG_0816	CYA_1842	CYB_0403	Yes	Yes	0	0	0	0	0	0	0
YSG_0817	CYA_1839	CYB_0406	Yes	Yes	0	0	0	0	0	0	0
YSG_0818b	CYA_1447	CYB_1584	Yes	Yes	0	0	0	0	0	0	0
YSG_0819	CYA_1927	CYB_0098	Yes	Yes	0	0	0	0	0	0	0
YSG_0821	CYA_2717	CYB_1769	Yes	Yes	0	0	0	0	0	0	0
YSG_0822b	CYA_0990	CYB_0336	Yes	Yes	0	33	0	0	0	0	33
YSG_0823	CYA_2135	CYB_0536	Yes	Yes	0	0	0	0	0	0	0
YSG_0824	CYA_1619	CYB_2889	Yes	Yes	0	0	0	0	0	0	0
YSG_0825	CYA_1911	CYB_2002	Yes	Yes	0	0	1	0	0	0	1
YSG_0826	CYA_2872	CYB_1667	Yes	Yes	0	0	1	0	0	0	1
YSG_0827	CYA_1548	CYB_1083	Yes	Yes	0	0	0	0	0	0	0
YSG_0828	CYA_1543	CYB_1089	Yes	Yes	0	0	0	0	0	0	0
YSG_0830	CYA_0465	CYB_0229	Yes	Yes	0	0	0	0	0	0	0
YSG_0831	CYA_1651	CYB_1633	Yes	Yes	0	0	0	0	0	0	0
YSG_0832	CYA_1797	CYB_1630	Yes	Yes	0	0	0	0	0	0	0
YSG_0833	CYA_0103	CYB_2070	Yes	Yes	0	0	0	0	0	0	0
YSG_0834	CYA_0104	CYB_0296	Yes	Yes	0	0	0	0	0	0	0
YSG_0835	CYA_1573	CYB_0378	Yes	Yes	0	5	0	0	0	0	5
YSG_0836	CYA_2366	CYB_2340	Yes	Yes	1	0	0	0	0	0	1
YSG_0837	CYA_1148	CYB_2643	Yes	Yes	0	0	0	0	0	0	0
YSG_0838	CYA_2495	CYB_0694	Yes	Yes	0	0	0	0	0	0	0
YSG_0839	CYA_0216	CYB_0943	Yes	Yes	0	0	0	0	56	0	56
YSG_0840	CYA_1290	CYB_0937	Yes	Yes	0	0	0	0	0	0	0
YSG_0841	CYA_1178	CYB_2597	Yes	Yes	0	0	0	0	0	0	0
YSG_0842	CYA_1176	CYB_2599	Yes	Yes	0	0	0	0	0	0	0
YSG_0843			Yes	Yes	0	0	0	0	0	0	0
YSG_0844	CYA_1468	CYB_1677	Yes	Yes	0	0	0	0	0	0	0
YSG_0845	CYA_0438		Yes	Yes	0	0	0	0	5	0	5
YSG_0846	CYA_2797	CYB_0965	Yes	Yes	0	0	0	0	0	0	0
YSG_0848	CYA_1224	CYB_0849	Yes	Yes	0	0	0	0	0	0	0
YSG_0849	CYA_1990	CYB_2328	Yes	Yes	0	0	0	0	0	0	0
YSG_0850	CYA_2369	CYB_2343	Yes	Yes	0	0	0	0	0	0	0
YSG_0851	CYA_1559	CYB_1070	Yes	Yes	0	0	0	0	0	0	0
YSG_0852	CYA_1598	CYB_1807	Yes	Yes	0	0	0	0	0	0	0
YSG_0853	CYA_1931	CYB_0102	Yes	Yes	1	0	0	0	0	0	1
YSG_0854	CYA_2662	CYB_2424	Yes	Yes	0	0	0	0	0	0	0
YSG_0855			Yes	Yes	0	0	0	0	0	0	0
YSG_0857	CYA_2654	CYB_2417	Yes	Yes	0	0	12	0	0	0	12
YSG_0858	CYA_2328	CYB_1554	Yes	Yes	0	0	0	0	0	0	0
YSG_0859	CYA_0323	CYB_1702	Yes	Yes	0	0	0	0	0	0	0
YSG_0860	CYA_1670	CYB_1170	Yes	Yes	0	0	0	0	0	0	0
YSG_0863			Yes	Yes	0	0	0	0	0	0	0
YSG_0864	CYA_0771	CYB_0194	Yes	Yes	0	0	0	0	0	0	0
YSG_0866	CYA_2591	CYB_2368	Yes	Yes	0	0	0	0	0	0	0
YSG_0868	CYA_1446	CYB_1585	Yes	Yes	0	0	0	0	0	0	0
YSG_0869	CYA_2778	CYB_2466	Yes	Yes	0	0	0	0	0	0	0
YSG_0871	CYA_1932	CYB_0103	Yes	Yes	1	0	0	0	0	0	1
YSG_0872	CYA_0591	CYB_0073	Yes	Yes	0	0	0	0	0	0	0
YSG_0873	CYA_2713	CYB_1868	Yes	Yes	0	0	0	0	0	0	0
YSG_0874	CYA_1113	CYB_1361	Yes	Yes	0	0	0	0	0	0	0
YSG_0876	CYA_0863	CYB_1749	Yes	Yes	0	0	0	0	0	0	0
YSG_0877	CYA_2681	CYB_2196	Yes	Yes	0	25	0	0	0	0	25
YSG_0878	CYA_2468	CYB_2072	Yes	Yes	0	0	0	0	0	0	0
YSG_0879	CYA_1369	CYB_2894	Yes	Yes	0	0	0	0	0	0	0
YSG_0880	CYA_1788	CYB_2237	Yes	Yes	0	0	0	0	0	0	0
YSG_0882	CYA_0277	CYB_2131	Yes	Yes	0	0	0	0	0	0	0
YSG_0883	CYA_1308	CYB_0927	Yes	Yes	0	0	0	0	0	0	0
YSG_0884		CYB_1270	Yes	Yes	0	0	0	0	0	0	0
YSG_0885	CYA_0802	CYB_1336	Yes	Yes	0	0	0	0	0	0	0
YSG_0887	CYA_0637	CYB_1895	Yes	Yes	0	0	0	0	0	0	0
YSG_0888	CYA_0812	CYB_1892	Yes	Yes	0	0	0	0	0	0	0
YSG_0889b	CYA_2258	CYB_1351	Yes	Yes	0	0	0	0	0	6	6
YSG_0890	CYA_1272	CYB_0435	Yes	Yes	0	0	0	0	85	0	85
YSG_0891	CYA_2656	CYB_2419	Yes	Yes	8	0	0	0	0	0	8
YSG_0892	CYA_0073	CYB_1760	Yes	Yes	0	0	0	0	0	0	0
YSG_0894	CYA_0244	CYB_1787	Yes	Yes	0	0	0	0	0	0	0
YSG_0895	CYA_0254	CYB_0626	Yes	Yes	0	0	1	0	0	0	1
YSG_0898	CYA_2542	CYB_0837	Yes	Yes	0	0	0	0	0	0	0
YSG_0899	CYA_2420	CYB_2293	Yes	Yes	0	0	1	0	0	0	1
YSG_0900	CYA_2335	CYB_1713	Yes	Yes	0	39	0	0	0	0	39
YSG_0901	CYA_0842		Yes	Yes	0	0	0	0	0	0	0
YSG_0902	CYA_0530	CYB_0565	Yes	Yes	0	0	0	0	0	0	0
YSG_0903	CYA_0408	CYB_2435	Yes	Yes	0	0	0	0	0	0	0
YSG_0904	CYA_0411	CYB_2438	Yes	Yes	0	0	0	0	0	0	0
YSG_0905	CYA_1043	CYB_2866	Yes	Yes	5	0	0	0	0	0	5
YSG_0906	CYA_1929	CYB_0100	Yes	Yes	0	0	0	0	0	0	0
YSG_0907	CYA_0590	CYB_0072	Yes	Yes	0	0	0	0	0	0	0
YSG_0908	CYA_2712	CYB_1869	Yes	Yes	0	0	0	0	0	2	2
YSG_0909	CYA_0485	CYB_1930	Yes	Yes	0	0	0	0	0	0	0
YSG_0911	CYA_2137	CYB_0534	Yes	Yes	0	0	0	0	0	0	0
YSG_0912	CYA_0544	CYB_2259	Yes	Yes	0	12	0	0	0	0	12
YSG_0914	CYA_1342	CYB_2216	Yes	Yes	0	0	0	0	0	0	0
YSG_0915	CYA_1796	CYB_1629	Yes	Yes	0	0	0	0	0	0	0
YSG_0916b	CYA_1414	CYB_1611	Yes	Yes	0	0	0	0	0	0	0
YSG_0918b	CYA_2493	CYB_0696	Yes	Yes	0	2	0	0	0	0	2
YSG_0919	CYA_0212	CYB_0947	Yes	Yes	0	0	0	0	53	0	53
YSG_0920	CYA_0082	CYB_2045	Yes	Yes	0	30	0	0	0	0	30
YSG_0921	CYA_2876	CYB_1663	Yes	Yes	0	0	0	0	0	0	0
YSG_0922	CYA_2879	CYB_1660	Yes	Yes	0	0	0	0	0	0	0
YSG_0924b	CYA_2113	CYB_2673	Yes	Yes	0	0	0	0	0	0	0
YSG_0926b	CYA_0853	CYB_1392	Yes	Yes	0	0	0	1	0	0	1
YSG_0927	CYA_1993	CYB_2331	Yes	Yes	0	0	0	0	0	0	0
YSG_0928	CYA_0394	CYB_0123	Yes	Yes	0	0	0	0	0	0	0
YSG_0929b	CYA_2657	CYB_2420	Yes	Yes	0	0	0	0	0	0	0
YSG_0930	CYA_0238	CYB_1782	Yes	Yes	0	0	0	0	0	0	0
YSG_0931	CYA_1766	CYB_1209	Yes	Yes	0	0	0	0	0	0	0
YSG_0932	CYA_1458	CYB_0650	Yes	Yes	0	0	0	0	0	0	0
YSG_0934	CYA_0331	CYB_1711	Yes	Yes	0	0	0	0	0	0	0
YSG_0935		CYB_2133	Yes	Yes	2	0	0	1	0	0	3
YSG_0936	CYA_0312	CYB_1690	Yes	Yes	0	0	0	0	0	0	0
YSG_0937	CYA_2190	CYB_1405	Yes	Yes	0	0	0	0	0	0	0
YSG_0939	CYA_2103	CYB_2664	Yes	Yes	0	0	0	0	0	0	0
YSG_0940	CYA_1672	CYB_1169	Yes	Yes	0	0	0	0	0	0	0
YSG_0941	CYA_2109	CYB_2669	Yes	Yes	0	0	0	0	0	0	0
YSG_0943	CYA_0371	CYB_2496	Yes	Yes	0	0	0	0	0	0	0
YSG_0944	CYA_2178	CYB_2305	Yes	Yes	0	0	0	0	0	0	0
YSG_0946c	CYA_1334	CYB_2656	Yes	Yes	0	0	0	0	0	0	0
YSG_0947			Yes	Yes	0	0	0	0	0	0	0
YSG_0948	CYA_1838	CYB_0407	Yes	Yes	0	0	0	0	0	0	0
YSG_0949	CYA_2351	CYB_0859	Yes	Yes	0	0	0	0	0	0	0
YSG_0950	CYA_0785	CYB_0890	Yes	Yes	0	0	0	0	0	0	0
YSG_0952	CYA_0845	CYB_2150	Yes	Yes	0	0	0	0	0	0	0
YSG_0953	CYA_1028	CYB_2627	Yes	Yes	0	0	0	0	0	0	0
YSG_0954	CYA_1449	CYB_1582	Yes	Yes	0	0	0	0	0	0	0
YSG_0955	CYA_1928	CYB_0099	Yes	Yes	0	0	0	0	0	0	0
YSG_0956b	CYA_1327	CYB_2548	Yes	Yes	0	0	0	0	0	0	0
YSG_0957	CYA_2278	CYB_0449	Yes	Yes	0	0	0	0	0	0	0
YSG_0958	CYA_2904	CYB_2941	Yes	Yes	0	0	0	0	0	0	0
YSG_0959	CYA_0543	CYB_2258	Yes	Yes	0	0	0	0	0	0	0
YSG_0960	CYA_2732	CYB_1944	Yes	Yes	0	0	0	0	0	0	0
YSG_0961	CYA_1906	CYB_0494	Yes	Yes	0	0	0	0	0	0	0
YSG_0962	CYA_0375	CYB_1862	Yes	Yes	0	0	0	0	0	0	0
YSG_0963	CYA_0965	CYB_0882	Yes	Yes	0	0	0	0	0	0	0
YSG_0965	CYA_1654	CYB_1636	Yes	Yes	0	0	0	0	0	1	1
YSG_0967	CYA_1792	CYB_1624	Yes	Yes	0	0	0	0	0	0	0
YSG_0969	CYA_0097	CYB_2064	Yes	Yes	0	0	0	0	0	0	0
YSG_0971	CYA_0750	CYB_0875	Yes	Yes	0	0	0	0	0	0	0
YSG_0972	CYA_1144	CYB_2647	Yes	Yes	0	0	0	0	0	0	0
YSG_0973	CYA_1145	CYB_2646	Yes	Yes	0	0	0	0	0	0	0
YSG_0974	CYA_1789	CYB_2236	Yes	Yes	0	0	0	0	0	0	0
YSG_0975	CYA_1787	CYB_2238	Yes	Yes	0	0	0	0	0	0	0
YSG_0976b	CYA_0218	CYB_0941	Yes	Yes	0	0	0	0	69	0	69
YSG_0977	CYA_1522	CYB_1098	Yes	Yes	0	0	0	0	0	0	0
YSG_0978	CYA_1808	CYB_0374	Yes	Yes	0	0	0	0	0	0	0
YSG_0979	CYA_2651	CYB_1731	Yes	Yes	0	0	0	0	0	0	0
YSG_0980	CYA_2652	CYB_1730	Yes	Yes	0	0	0	0	0	0	0
YSG_0981	CYA_1996	CYB_2334	Yes	Yes	0	0	0	0	0	0	0
YSG_0982	CYA_1002	CYB_0482	Yes	Yes	0	0	0	0	0	0	0
YSG_0983	CYA_2257	CYB_1353	Yes	Yes	0	0	0	0	0	0	0
YSG_0984	CYA_1371	CYB_2891	Yes	Yes	0	0	0	0	0	0	0
YSG_0986	CYA_2503	CYB_0686	Yes	Yes	0	0	0	0	0	0	0
YSG_0987	CYA_2788	CYB_0184	Yes	Yes	0	0	0	0	0	0	0
YSG_0988	CYA_2388	CYB_0119	Yes	Yes	0	0	0	0	0	0	0
YSG_0990	CYA_0330	CYB_1710	Yes	Yes	0	0	0	0	0	0	0
YSG_0991			Yes	Yes	0	0	0	0	0	0	0
YSG_0992	CYA_2189	CYB_1406	Yes	Yes	0	0	0	0	0	0	0
YSG_0994	CYA_0653	CYB_0290	Yes	Yes	0	27	0	0	0	0	27
YSG_0995	CYA_0399	CYB_2158	Yes	Yes	0	0	0	0	0	0	0
YSG_0996	CYA_2433	CYB_1492	Yes	Yes	0	0	0	0	0	0	0
YSG_0997	CYA_2389	CYB_0117	Yes	Yes	0	0	0	0	0	0	0
YSG_0998	CYA_2124	CYB_2685	Yes	Yes	0	0	0	0	0	0	0
YSG_0999	CYA_1777	CYB_1219	Yes	Yes	0	0	0	0	0	0	0
YSG_1000	CYA_2777	CYB_2467	Yes	Yes	0	0	0	0	0	0	0
YSG_1001	CYA_1878	CYB_1557	Yes	Yes	0	0	0	0	0	0	0
YSG_1002	CYA_1448	CYB_1583	Yes	Yes	0	0	0	0	0	0	0
YSG_1003b	CYA_0133	CYB_2181	Yes	Yes	0	0	0	0	0	0	0
YSG_1004	CYA_0041	CYB_2760	Yes	Yes	0	0	0	0	0	0	0
YSG_1005	CYA_1512	CYB_2700	Yes	Yes	0	1	0	0	0	0	1
YSG_1007	CYA_0943	CYB_0899	Yes	Yes	0	0	0	0	0	0	0
YSG_1009	CYA_0003	CYB_0002	Yes	Yes	0	0	0	0	0	0	0
YSG_1011	CYA_0447	CYB_0797	Yes	Yes	0	39	0	0	0	0	39
YSG_1013	CYA_0745	CYB_0870	Yes	Yes	0	0	0	0	0	0	0
YSG_1014	CYA_0749	CYB_0874	Yes	Yes	0	0	0	0	0	0	0
YSG_1015	CYA_1147	CYB_2644	Yes	Yes	2	3	0	0	0	0	5
YSG_1016	CYA_2313	CYB_2028	Yes	Yes	0	0	0	0	0	0	0
YSG_1018	CYA_2489	CYB_0701	Yes	Yes	0	0	0	0	0	0	0
YSG_1019	CYA_1175	CYB_2600	Yes	Yes	0	0	0	0	0	0	0
YSG_1020	CYA_0081	CYB_2044	Yes	Yes	0	0	0	0	0	0	0
YSG_1021	CYA_0560	CYB_2362	Yes	Yes	0	9	0	0	0	0	9
YSG_1023	CYA_0231	CYB_2138	Yes	Yes	0	0	0	0	0	0	0
YSG_1024	CYA_2474	CYB_2078	Yes	Yes	0	0	0	0	0	0	0
YSG_1025	CYA_0533	CYB_0124	Yes	Yes	0	0	1	0	0	0	1
YSG_1026	CYA_1474	CYB_1670	Yes	Yes	0	0	0	0	0	0	0
YSG_1027b	CYA_0803	CYB_1335	Yes	Yes	0	0	0	0	0	0	0
YSG_1028	CYA_2294	CYB_1324	Yes	Yes	0	0	0	5	0	0	5
YSG_1029	CYA_0393	CYB_0122	Yes	Yes	0	0	0	0	0	0	0
YSG_1030	CYA_0354	CYB_0703	Yes	Yes	0	0	0	0	0	0	0
YSG_1031	CYA_2766	CYB_2459	Yes	Yes	0	0	0	0	0	0	0
YSG_1032	CYA_1530	CYB_0537	Yes	Yes	0	0	0	0	0	0	0
YSG_1033	CYA_2661	CYB_2423	Yes	Yes	0	0	0	0	0	0	0
YSG_1034	CYA_1634	CYB_1282	Yes	Yes	0	0	0	0	0	0	0
YSG_1035	CYA_1236	CYB_1763	Yes	Yes	0	0	0	0	0	0	0
YSG_1036	CYA_0246	CYB_1789	Yes	Yes	0	0	0	0	0	0	0
YSG_1037	CYA_1713		Yes	Yes	0	0	0	0	0	0	0
YSG_1038	CYA_0506		Yes	Yes	0	0	0	0	0	1	1
YSG_1039	CYA_2186	CYB_1407	Yes	Yes	0	0	0	0	0	0	0
YSG_1040	CYA_2428	CYB_1497	Yes	Yes	0	0	0	0	0	0	0
YSG_1041	CYA_2168	CYB_2743	Yes	Yes	0	0	0	0	0	0	0
YSG_1043			Yes	Yes	0	0	0	0	0	0	0
YSG_1044	CYA_0813	CYB_2307	Yes	Yes	0	0	0	0	0	0	0
YSG_1045	CYA_1647	CYB_1539	Yes	Yes	0	0	0	0	0	0	0
YSG_1046	CYA_1841	CYB_0404	Yes	Yes	0	0	0	0	0	0	0
YSG_1047	CYA_0306		Yes	Yes	0	0	0	0	0	0	0
YSG_1048	CYA_0824	CYB_1828	Yes	Yes	0	0	0	0	0	0	0
YSG_1049	CYA_1886	CYB_0259	Yes	Yes	0	0	0	7	0	0	7
YSG_1050	CYA_1832	CYB_0413	Yes	Yes	0	0	0	0	0	0	0
YSG_1052	CYA_2716	CYB_1682	Yes	Yes	0	0	0	0	0	0	0
YSG_1053	CYA_0031	CYB_2286	Yes	Yes	0	0	0	0	0	0	0
YSG_1054	CYA_0448	CYB_0798	Yes	Yes	0	0	0	0	0	0	0
YSG_1055	CYA_0449		Yes	Yes	0	40	0	0	0	0	40
YSG_1056			Yes	Yes	0	0	0	0	0	0	0
YSG_1057	CYA_0747	CYB_0872	Yes	Yes	0	0	0	0	0	0	0
YSG_1059	CYA_2678	CYB_2173	Yes	Yes	0	0	0	0	0	0	0
YSG_1060	CYA_1295	CYB_0913	Yes	Yes	0	0	0	0	0	0	0
YSG_1061	CYA_0762	CYB_2451	Yes	Yes	0	0	0	0	0	0	0
YSG_1062	CYA_2756	CYB_0637	Yes	Yes	0	0	1	0	0	0	1
YSG_1063	CYA_0916	CYB_0987	Yes	Yes	0	0	0	0	0	0	0
YSG_1064	CYA_1394	CYB_2559	Yes	Yes	0	0	0	0	0	0	0
YSG_1065b	CYA_1302	CYB_0921	Yes	Yes	0	0	0	0	0	0	0
YSG_1067	CYA_1989	CYB_2327	Yes	Yes	0	0	0	0	0	0	0
YSG_1068	CYA_1992	CYB_2330	Yes	Yes	0	0	0	0	0	0	0
YSG_1069	CYA_1998	CYB_2336	Yes	Yes	0	0	0	0	0	0	0
YSG_1071	CYA_0430	CYB_0722	Yes	Yes	0	0	0	0	0	0	0
YSG_1072	CYA_0977	CYB_2927	Yes	Yes	0	0	0	0	0	0	0
YSG_1073	CYA_0507	CYB_0171	Yes	Yes	0	0	0	0	0	0	0
YSG_1074	CYA_0315	CYB_1693	Yes	Yes	0	0	0	0	0	0	0
YSG_1075	CYA_2101	CYB_2660	Yes	Yes	12	0	0	0	0	0	12
YSG_1077	CYA_1075	CYB_0999	Yes	Yes	0	0	0	0	0	0	0
YSG_1078	CYA_2185	CYB_1409	Yes	Yes	0	0	0	0	0	0	0
YSG_1079	CYA_2421	CYB_2292	Yes	Yes	0	0	0	0	0	0	0
YSG_1080	CYA_1712	CYB_0343	Yes	Yes	0	0	0	0	0	0	0
YSG_1081	CYA_2401	CYB_0818	Yes	Yes	0	0	0	0	0	0	0
YSG_1082	CYA_2605	CYB_2267	Yes	Yes	0	0	0	0	0	0	0
YSG_1083	CYA_1042	CYB_2865	Yes	Yes	0	0	0	0	0	0	0
YSG_1085	CYA_0308	CYB_0806	Yes	Yes	0	0	0	0	0	0	0
YSG_1086			Yes	Yes	0	0	0	0	0	0	0
YSG_1088b	CYA_1450	CYB_1581	Yes	Yes	0	0	0	0	0	0	0
YSG_1089b	CYA_2786	CYB_2478	Yes	Yes	0	0	0	0	0	0	0
YSG_1090	CYA_2052	CYB_0742	Yes	Yes	0	0	0	0	0	0	0
YSG_1091b	CYA_2114	CYB_2674	Yes	Yes	0	0	0	0	0	0	0
YSG_1092b	CYA_2413	CYB_2297	Yes	Yes	0	0	0	0	0	0	0
YSG_1094	CYA_2138	CYB_0533	Yes	Yes	0	0	0	0	0	0	0
YSG_1095	CYA_0952	CYB_0180	Yes	Yes	0	29	0	0	0	0	29
YSG_1096		CYB_1943	Yes	Yes	0	0	0	0	0	0	0
YSG_1097		CYB_0493	Yes	Yes	0	0	0	0	0	0	0
YSG_1098	CYA_1794	CYB_1626	Yes	Yes	0	0	0	0	0	0	0
YSG_1099	CYA_0087	CYB_2055	Yes	Yes	0	0	0	0	0	0	0
YSG_1100	CYA_0092	CYB_2059	Yes	Yes	0	0	0	0	0	0	0
YSG_1101	CYA_0818	CYB_1874	Yes	Yes	0	0	0	0	0	0	0
YSG_1102	CYA_0211	CYB_0948	Yes	Yes	0	0	0	0	52	0	52
YSG_1103	CYA_0214	CYB_0945	Yes	Yes	0	0	0	0	59	0	59
YSG_1104	CYA_0118	CYB_2767	Yes	Yes	0	0	0	0	0	0	0
YSG_1105	CYA_2680	CYB_2195	Yes	Yes	0	0	0	0	0	0	0
YSG_1106	CYA_0230	CYB_2136	Yes	Yes	0	0	0	0	0	0	0
YSG_1107	CYA_2296	CYB_1326	Yes	Yes	0	0	0	0	0	0	0
YSG_1108	CYA_1943	CYB_0129	Yes	Yes	0	0	0	0	0	0	0
YSG_1110	CYA_2259	CYB_1350	Yes	Yes	0	0	0	0	0	0	0
YSG_1111	CYA_2504	CYB_0685	Yes	Yes	0	1	4	0	0	0	5
YSG_1112	CYA_2383	CYB_1015	Yes	Yes	0	0	0	0	0	0	0
YSG_1113	CYA_2214	CYB_1051	Yes	Yes	0	0	0	0	0	0	0
YSG_1114	CYA_1237	CYB_1762	Yes	Yes	0	0	0	0	0	1	1
YSG_1115	CYA_1235	CYB_1764	Yes	Yes	0	0	0	0	0	0	0
YSG_1118	CYA_1511	CYB_2699	Yes	Yes	0	0	0	0	0	0	0
YSG_1120	CYA_2800	CYB_0961	Yes	Yes	0	0	0	0	0	1	1
YSG_1121	CYA_0179	CYB_2523	Yes	Yes	0	0	0	0	0	0	0
YSG_1122	CYA_1035	CYB_2858	Yes	Yes	0	0	0	0	0	0	0
YSG_1123	CYA_1057	CYB_2394	Yes	Yes	0	0	0	0	0	0	0
YSG_1124	CYA_1058	CYB_2393	Yes	Yes	0	0	0	0	0	0	0
YSG_1125	CYA_1633	CYB_1281	Yes	Yes	0	0	0	0	0	0	0
YSG_1126	CYA_2436	CYB_1490	Yes	Yes	0	0	0	0	0	0	0
YSG_1127	CYA_1877	CYB_1558	Yes	Yes	0	0	0	0	0	0	0
YSG_1128	CYA_1032	CYB_2855	Yes	Yes	0	0	0	0	0	0	0
YSG_1129	CYA_1074	CYB_0998	Yes	Yes	0	0	0	0	0	0	0
YSG_1130	CYA_1073	CYB_0997	Yes	Yes	0	0	0	0	0	0	0
YSG_1131	CYA_1933	CYB_0104	Yes	Yes	1	0	0	0	0	0	1
YSG_1132	CYA_1975	CYB_0089	Yes	Yes	0	0	0	0	0	0	0
YSG_1133	CYA_2054	CYB_0744	Yes	Yes	0	0	3	0	0	0	3
YSG_1134	CYA_2760	CYB_2452	Yes	Yes	0	0	0	0	0	0	0
YSG_1136	CYA_1102	CYB_2633	Yes	Yes	0	0	0	0	0	0	0
YSG_1137	CYA_0535	CYB_2252	Yes	Yes	0	0	0	0	0	0	0
YSG_1139	CYA_1404	CYB_1621	Yes	Yes	0	0	0	0	0	0	0
YSG_1140b	CYA_0868	CYB_2838	Yes	Yes	0	36	0	0	0	0	36
YSG_1141	CYA_0707	CYB_1750	Yes	Yes	0	0	0	0	0	0	0
YSG_1142	CYA_0154	CYB_1880	Yes	Yes	0	0	0	0	0	0	0
YSG_1143	CYA_0746	CYB_0871	Yes	Yes	0	0	0	0	0	0	0
YSG_1144	CYA_0270	CYB_0786	Yes	Yes	0	0	0	0	0	0	0
YSG_1145	CYA_2841	CYB_0511	Yes	Yes	0	0	0	0	0	0	0
YSG_1146	CYA_2487	CYB_2094	Yes	Yes	0	0	0	0	0	0	0
YSG_1147	CYA_0516	CYB_0300	Yes	Yes	0	0	0	0	0	0	0
YSG_1148	CYA_2406	CYB_2201	Yes	Yes	0	0	0	0	0	0	0
YSG_1149	CYA_2235	CYB_0584	Yes	Yes	0	0	0	0	0	0	0
YSG_1151	CYA_2765	CYB_2458	Yes	Yes	1	0	1	0	0	0	2
YSG_1152	CYA_0320	CYB_1699	Yes	Yes	1	0	0	6	0	0	7
YSG_1153	CYA_1259	CYB_2885	Yes	Yes	0	0	0	0	0	0	0
YSG_1154	CYA_2217	CYB_1446	Yes	Yes	0	0	0	0	0	0	0
YSG_1156	CYA_2799	CYB_0962	Yes	Yes	0	0	0	0	0	0	0
YSG_1157	CYA_2218	CYB_1445	Yes	Yes	0	0	0	0	0	0	0
YSG_1158	CYA_0409	CYB_2436	Yes	Yes	0	0	0	0	0	0	0
YSG_1160	CYA_2175	CYB_0502	Yes	Yes	0	0	0	0	0	0	0
YSG_1162	CYA_1333	CYB_2655	Yes	Yes	0	0	0	0	0	0	0
YSG_1164	CYA_1037	CYB_2859	Yes	Yes	0	1	0	0	0	0	1
YSG_1165	CYA_0184	CYB_2529	Yes	Yes	0	0	0	0	0	0	0
YSG_1166b	CYA_2126	CYB_2687	Yes	Yes	0	0	0	0	0	0	0
YSG_1167	CYA_0770	CYB_0193	Yes	Yes	0	0	0	0	0	0	0
YSG_1168	CYA_0305		Yes	Yes	0	0	0	0	0	0	0
YSG_1170	CYA_1029	CYB_2626	Yes	Yes	0	0	0	0	0	0	0
YSG_1171	CYA_1965	CYB_2143	Yes	Yes	0	0	0	0	0	0	0
YSG_1172	CYA_2051	CYB_0741	Yes	Yes	0	0	0	0	0	0	0
YSG_1174	CYA_1117	CYB_1364	Yes	Yes	0	0	0	0	0	0	0
YSG_1176	CYA_2134	CYB_0974	Yes	Yes	0	0	0	0	0	0	0
YSG_1177	CYA_0002	CYB_0003	Yes	Yes	0	0	0	0	0	0	0
YSG_1178	CYA_0536	CYB_2253	Yes	Yes	0	0	0	0	0	0	0
YSG_1179	CYA_0534	CYB_2251	Yes	Yes	0	0	0	0	0	0	0
YSG_1181	CYA_0858	CYB_1743	Yes	Yes	0	0	0	0	0	0	0
YSG_1182	CYA_2863	CYB_2518	Yes	Yes	0	0	0	0	0	0	0
YSG_1183	CYA_1655	CYB_1638	Yes	Yes	1	0	0	0	0	0	1
YSG_1184	CYA_1403	CYB_1622	Yes	Yes	0	0	0	0	0	0	0
YSG_1186	CYA_0112	CYB_2107	Yes	Yes	0	0	0	0	0	0	0
YSG_1187	CYA_2853	CYB_0111	Yes	Yes	0	0	0	0	0	0	0
YSG_1188	CYA_0562	CYB_2357	Yes	Yes	0	0	0	0	0	0	0
YSG_1189b	CYA_1476	CYB_1668	Yes	Yes	0	0	0	0	0	0	0
YSG_1190	CYA_1997	CYB_2335	Yes	Yes	0	0	0	0	0	0	0
YSG_1192	CYA_1761	CYB_1205	Yes	Yes	0	0	0	0	0	0	0
YSG_1193	CYA_1110	CYB_1356	Yes	Yes	0	0	0	0	0	0	0
YSG_1194	CYA_1055	CYB_2396	Yes	Yes	0	0	0	0	0	0	0
YSG_1195	CYA_2216	CYB_1049	Yes	Yes	0	0	0	0	0	0	0
YSG_1196	CYA_2213	CYB_1052	Yes	Yes	0	0	0	0	0	0	0
YSG_1197	CYA_0404	CYB_2431	Yes	Yes	0	0	0	0	0	0	0
YSG_1198	CYA_0040	CYB_2761	Yes	Yes	0	0	0	0	0	0	0
YSG_1199	CYA_1130		Yes	Yes	0	0	0	0	0	0	0
YSG_1200	CYA_2758		Yes	Yes	0	0	0	0	0	0	0
YSG_1201	CYA_0352	CYB_2096	Yes	Yes	0	0	0	0	0	0	0
YSG_1202	CYA_2422	CYB_2291	Yes	Yes	0	0	0	0	0	0	0
YSG_1203	CYA_1056	CYB_2395	Yes	Yes	0	0	0	0	0	0	0
YSG_1204	CYA_0791	CYB_1347	Yes	Yes	0	0	0	0	0	0	0
YSG_1205	CYA_0784	CYB_1196	Yes	Yes	0	5	0	0	0	0	5
YSG_1206	CYA_0837	CYB_1841	Yes	Yes	0	0	4	0	0	0	4
YSG_1209	CYA_1934	CYB_0105	Yes	Yes	1	0	0	0	0	0	1
YSG_1212	CYA_0588	CYB_0070	Yes	Yes	0	0	0	0	0	0	0
YSG_1213	CYA_2715	CYB_1680	Yes	Yes	0	0	0	0	0	0	0
YSG_1214	CYA_0942	CYB_0898	Yes	Yes	0	0	0	0	0	0	0
YSG_1215	CYA_0542	CYB_2257	Yes	Yes	0	0	0	0	0	0	0
YSG_1217	CYA_0466	CYB_0231	Yes	Yes	0	0	0	0	0	0	0
YSG_1219b	CYA_2365	CYB_2339	Yes	Yes	0	0	0	0	0	0	0
YSG_1220b	CYA_2874	CYB_1665	Yes	Yes	0	0	0	0	0	0	0
YSG_1221	CYA_1252	CYB_0726	Yes	Yes	0	2	0	0	0	0	2
YSG_1222	CYA_2653	CYB_2416	Yes	Yes	0	0	0	0	0	0	0
YSG_1223	CYA_1727	CYB_1921	Yes	Yes	0	0	0	0	0	0	0
YSG_1224	CYA_0198	CYB_1238	Yes	Yes	0	0	0	0	0	0	0
YSG_1225	CYA_0193	CYB_1233	Yes	Yes	0	0	0	0	0	0	0
YSG_1226	CYA_0355	CYB_0704	Yes	Yes	0	0	0	0	0	0	0
YSG_1227	CYA_1760	CYB_1204	Yes	Yes	0	0	0	0	0	0	0
YSG_1228	CYA_0402	CYB_2162	Yes	Yes	0	0	0	0	0	0	0
YSG_1229	CYA_1883	CYB_1523	Yes	Yes	0	0	0	0	0	0	0
YSG_1232	CYA_0046	CYB_1191	Yes	Yes	0	0	0	0	0	0	0
YSG_1233	CYA_2747	CYB_0363	Yes	Yes	0	0	0	0	18	0	18
YSG_1234	CYA_0478	CYB_0246	Yes	Yes	0	0	0	0	0	9	9
YSG_1235	CYA_1470	CYB_1675	Yes	Yes	0	0	0	0	0	0	0
YSG_1236	CYA_1079	CYB_1003	Yes	Yes	0	0	0	0	0	0	0
YSG_1237	CYA_2541	CYB_0836	Yes	Yes	0	0	0	1	0	33	34
YSG_1238	CYA_2608	CYB_2269	Yes	Yes	0	0	0	0	0	2	2
YSG_1239	CYA_0182	CYB_2526	Yes	Yes	0	0	0	0	0	0	0
YSG_1240	CYA_0908	CYB_2184	Yes	Yes	0	0	0	0	0	0	0
YSG_1241	CYA_2350		Yes	Yes	0	0	0	0	0	0	0
YSG_1242b	CYA_1451	CYB_1580	Yes	Yes	0	0	0	0	0	0	0
YSG_1243b	CYA_2775	CYB_2469	Yes	Yes	1	0	0	0	0	0	1
YSG_1244	CYA_1219	CYB_1266	Yes	Yes	0	2	0	0	0	0	2
YSG_1246	CYA_1986	CYB_0093	Yes	Yes	0	0	0	0	0	0	0
YSG_1247	CYA_1827	CYB_0418	Yes	Yes	0	0	0	0	0	0	0
YSG_1248	CYA_1930	CYB_0101	Yes	Yes	0	0	0	0	0	0	0
YSG_1249	CYA_1976	CYB_0088	Yes	Yes	0	0	0	0	0	0	0
YSG_1250	CYA_2579	CYB_2374	Yes	Yes	0	0	10	0	0	0	10
YSG_1251	CYA_2498	CYB_0691	Yes	Yes	0	0	0	0	0	0	0
YSG_1252	CYA_2049	CYB_0739	Yes	Yes	0	0	0	0	0	1	1
YSG_1254	CYA_0023	CYB_2923	Yes	Yes	0	35	0	0	0	0	35
YSG_1255	CYA_1545	CYB_1087	Yes	Yes	0	0	8	0	0	0	8
YSG_1256	CYA_2686	CYB_0051	Yes	Yes	0	0	0	0	0	0	0
YSG_1259	CYA_0862	CYB_1748	Yes	Yes	0	0	0	0	0	0	0
YSG_1260	CYA_1202	CYB_2319	Yes	Yes	0	0	0	0	0	0	0
YSG_1262	CYA_0096	CYB_2063	Yes	Yes	0	0	0	0	0	0	0
YSG_1263	CYA_0113	CYB_2106	Yes	Yes	0	0	0	0	0	0	0
YSG_1264	CYA_0759	CYB_0312	Yes	Yes	0	0	0	0	0	0	0
YSG_1265	CYA_0951	CYB_0181	Yes	Yes	0	3	0	0	0	0	3
YSG_1267	CYA_2486	CYB_2093	Yes	Yes	0	0	2	0	0	0	2
YSG_1268			Yes	Yes	0	0	0	0	0	0	0
YSG_1269	CYA_0556	CYB_2852	Yes	Yes	0	0	0	0	0	0	0
YSG_1272	CYA_2473	CYB_2077	Yes	Yes	0	0	0	0	0	0	0
YSG_1273	CYA_2352	CYB_0858	Yes	Yes	0	0	0	0	0	0	0
YSG_1274	CYA_1283	CYB_0931	Yes	Yes	0	0	0	0	0	0	0
YSG_1276	CYA_1542	CYB_2222	Yes	Yes	0	0	0	0	0	0	0
YSG_1278	CYA_0358	CYB_0707	Yes	Yes	0	0	0	0	0	0	0
YSG_1279	CYA_0357	CYB_0706	Yes	Yes	0	0	1	0	0	0	1
YSG_1281	CYA_1881	CYB_1521	Yes	Yes	0	0	0	0	0	0	0
YSG_1282	CYA_0074	CYB_1758	Yes	Yes	0	0	0	0	0	0	0
YSG_1283	CYA_0075	CYB_1757	Yes	Yes	0	0	0	0	0	0	0
YSG_1284	CYA_2212	CYB_1054	Yes	Yes	0	0	0	0	0	0	0
YSG_1285	CYA_2004	CYB_1285	Yes	Yes	0	0	0	0	0	0	0
YSG_1286	CYA_2787	CYB_0183	Yes	Yes	0	0	0	0	0	0	0
YSG_1287	CYA_0350	CYB_2099	Yes	Yes	0	0	0	0	0	0	0
YSG_1288	CYA_1926	CYB_0096	Yes	Yes	0	0	0	0	0	0	0
YSG_1289	CYA_0131	CYB_2175	Yes	Yes	0	0	0	0	0	0	0
YSG_1290	CYA_0367	CYB_2490	Yes	Yes	0	0	0	0	0	0	0
YSG_1291	CYA_2402	CYB_0817	Yes	Yes	0	0	0	0	0	0	0
YSG_1292	CYA_0839	CYB_2793	Yes	Yes	0	0	0	0	0	0	0
YSG_1293	CYA_0920	CYB_0520	Yes	Yes	0	0	0	0	0	0	0
YSG_1294	CYA_2547	CYB_0842	Yes	Yes	0	18	0	0	0	0	18
YSG_1295	CYA_0269	CYB_0785	Yes	Yes	0	14	0	0	0	0	14
YSG_1296	CYA_2141	CYB_0528	Yes	Yes	0	0	0	0	0	0	0
YSG_1297	CYA_1837	CYB_0408	Yes	Yes	0	0	0	0	0	0	0
YSG_1298	CYA_1776	CYB_1218	Yes	Yes	0	0	0	0	0	0	0
YSG_1299	CYA_1031	CYB_2854	Yes	Yes	0	0	0	0	0	0	0
YSG_1300	CYA_2062	CYB_1978	Yes	Yes	0	29	0	0	0	0	29
YSG_1301	CYA_2894	CYB_1645	Yes	Yes	0	0	0	0	0	0	0
YSG_1302	CYA_1101	CYB_1424	Yes	Yes	0	0	0	0	0	0	0
YSG_1303	CYA_0859	CYB_1744	Yes	Yes	0	0	0	0	0	0	0
YSG_1304	CYA_1343	CYB_2217	Yes	Yes	0	0	0	0	0	0	0
YSG_1305	CYA_2719	CYB_1011	Yes	Yes	0	2	0	0	1	0	3
YSG_1306	CYA_1402	CYB_1623	Yes	Yes	0	30	0	0	0	0	30
YSG_1307	CYA_0709	CYB_1751	Yes	Yes	0	0	0	0	0	0	0
YSG_1308	CYA_0744	CYB_0869	Yes	Yes	0	0	0	0	0	0	0
YSG_1309	CYA_2875	CYB_1664	Yes	Yes	0	0	0	0	0	0	0
YSG_1310	CYA_2808	CYB_2846	Yes	Yes	0	0	0	0	0	0	0
YSG_1311	CYA_1393	CYB_2560	Yes	Yes	0	0	0	0	0	0	0
YSG_1312	CYA_1395	CYB_2558	Yes	Yes	0	0	0	0	0	0	0
YSG_1315	CYA_0199	CYB_1239	Yes	Yes	0	0	0	0	0	0	0
YSG_1316	CYA_0197		Yes	Yes	0	0	0	0	0	0	0
YSG_1317	CYA_0353	CYB_0702	Yes	Yes	0	0	0	0	0	0	0
YSG_1318	CYA_0782	CYB_1197	Yes	Yes	0	0	0	0	0	0	0
YSG_1319	CYA_0388	CYB_2918	Yes	Yes	0	0	0	0	0	0	0
YSG_1320	CYA_1323	CYB_1370	Yes	Yes	0	0	0	0	0	0	0
YSG_1321	CYA_2462	CYB_1432	Yes	Yes	0	0	0	0	0	0	0
YSG_1322	CYA_2883	CYB_1656	Yes	Yes	0	0	0	0	0	0	0
YSG_1323	CYA_0480	CYB_0350	Yes	Yes	0	0	0	0	0	0	0
YSG_1324	CYA_2169	CYB_0734	Yes	Yes	0	0	0	0	0	3	3
YSG_1325	CYA_1714		Yes	Yes	0	0	0	0	0	28	28
YSG_1326	CYA_0940	CYB_0896	Yes	Yes	0	0	0	0	0	0	0
YSG_1327	CYA_0372	CYB_2497	Yes	Yes	0	0	0	0	0	0	0
YSG_1329	CYA_0776	CYB_0200	Yes	Yes	0	0	0	0	0	0	0
YSG_1332	CYA_2020	CYB_2716	Yes	Yes	0	0	0	0	0	0	0
YSG_1333	CYA_1962	CYB_2146	Yes	Yes	0	0	0	0	0	0	0
YSG_1334	CYA_2785	CYB_2477	Yes	Yes	0	0	0	0	0	0	0
YSG_1335	CYA_0492	CYB_0549	Yes	Yes	0	0	0	0	0	0	0
YSG_1336	CYA_2895	CYB_1644	Yes	Yes	0	0	0	0	0	0	0
YSG_1337	CYA_0001	CYB_0001	Yes	Yes	0	0	0	0	0	0	0
YSG_1339	CYA_0623	CYB_0044	Yes	Yes	0	0	0	0	0	0	0
YSG_1341	CYA_0869	CYB_2837	Yes	Yes	0	29	0	0	0	0	29
YSG_1342	CYA_0561	CYB_2358	Yes	Yes	0	0	0	0	0	0	0
YSG_1344	CYA_0420	CYB_2502	Yes	Yes	0	0	0	0	0	0	0
YSG_1345	CYA_1638	CYB_1534	Yes	Yes	0	0	0	0	0	0	0
YSG_1346	CYA_1485	CYB_1463	Yes	Yes	0	0	0	0	0	0	0
YSG_1347	CYA_0206	CYB_1248	Yes	Yes	0	26	0	0	0	0	26
YSG_1348	CYA_1876	CYB_1559	Yes	Yes	0	0	0	0	0	0	0
YSG_1352	CYA_0431	CYB_0721	Yes	Yes	0	0	0	0	0	0	0
YSG_1353	CYA_2510	CYB_0681	Yes	Yes	0	0	0	0	0	0	0
YSG_1354	CYA_2616	CYB_2276	Yes	Yes	0	0	0	0	0	0	0
YSG_1355	CYA_0247	CYB_1790	Yes	Yes	0	0	0	0	0	0	0
YSG_1356	CYA_0235	CYB_1779	Yes	Yes	0	0	0	0	0	0	0
YSG_1357	CYA_2467	CYB_1437	Yes	Yes	0	0	0	0	0	0	0
YSG_1359			Yes	Yes	0	0	0	0	0	0	0
YSG_1361	CYA_0181	CYB_2525	Yes	Yes	0	0	0	0	0	0	0
YSG_1362	CYA_1061	CYB_0272	Yes	Yes	0	0	0	0	0	0	0
YSG_1363	CYA_2121	CYB_2682	Yes	Yes	0	0	0	0	0	0	0
YSG_1364	CYA_0911	CYB_0992	Yes	Yes	0	0	0	0	0	0	0
YSG_1365	CYA_2795	CYB_0967	Yes	Yes	0	0	0	0	0	0	0
YSG_1366	CYA_1217	CYB_1263	Yes	Yes	0	1	0	0	0	0	1
YSG_1367	CYA_1332	CYB_2654	Yes	Yes	0	0	0	0	0	0	0
YSG_1368	CYA_1372	CYB_1903	Yes	Yes	0	0	0	0	0	0	0
YSG_1370	CYA_0490	CYB_0546	Yes	Yes	0	0	0	0	0	0	0
YSG_1371	CYA_2339	CYB_1126	Yes	Yes	0	0	0	0	0	0	0
YSG_1372	CYA_2682	CYB_1136	Yes	Yes	0	26	0	0	0	0	26
YSG_1374	CYA_0567	CYB_1308	Yes	Yes	0	0	0	0	0	0	0
YSG_1376	CYA_1405	CYB_1620	Yes	Yes	0	0	0	0	0	0	0
YSG_1378	CYA_1722	CYB_1925	Yes	Yes	0	0	0	0	0	0	0
YSG_1379	CYA_2330	CYB_1519	Yes	Yes	0	0	0	0	0	0	0
YSG_1380			Yes	Yes	0	0	0	0	0	0	0
YSG_1382	CYA_2645	CYB_1738	Yes	Yes	0	0	0	0	0	0	0
YSG_1383	CYA_2570	CYB_1027	Yes	Yes	0	21	0	0	0	0	21
YSG_1384	CYA_2407	CYB_2202	Yes	Yes	0	0	0	0	0	0	0
YSG_1385	CYA_1882	CYB_1522	Yes	Yes	0	0	0	0	0	0	0
YSG_1387	CYA_1321	CYB_1368	Yes	Yes	0	0	0	0	0	0	0
YSG_1388b	CYA_2005	CYB_1284	Yes	Yes	0	0	0	0	0	0	0
YSG_1389	CYA_1860	CYB_1302	Yes	Yes	0	1	0	0	0	0	1
YSG_1390	CYA_0188	CYB_1229	Yes	Yes	0	0	0	0	0	0	0
YSG_1391	CYA_2881	CYB_1658	Yes	Yes	0	0	0	0	0	0	0
YSG_1392	CYA_0013	CYB_0277	Yes	Yes	0	0	0	0	0	0	0
YSG_1393	CYA_2670	CYB_2165	Yes	Yes	0	0	0	0	0	0	0
YSG_1394	CYA_1697	CYB_1987	Yes	Yes	0	0	0	1	0	0	1
YSG_1395	CYA_2620	CYB_2280	Yes	Yes	0	0	0	0	0	0	0
YSG_1397	CYA_2122	CYB_2683	Yes	Yes	0	22	0	0	0	0	22
YSG_1398	CYA_2240	CYB_0367	Yes	Yes	0	0	0	0	21	0	21
YSG_1399	CYA_1828	CYB_0417	Yes	Yes	0	0	0	0	0	0	0
YSG_1400b	CYA_1218	CYB_1264	Yes	Yes	0	2	0	0	0	0	2
YSG_1401	CYA_1133	CYB_0150	Yes	Yes	0	0	0	0	0	1	1
YSG_1402	CYA_1034	CYB_2857	Yes	Yes	0	0	0	0	0	0	0
YSG_1403		CYB_2199	Yes	Yes	0	0	0	0	0	0	0
YSG_1404	CYA_2405	CYB_2200	Yes	Yes	0	0	0	0	0	0	0
YSG_1407	CYA_0491	CYB_0547	Yes	Yes	0	0	0	0	0	0	0
YSG_1408	CYA_0631	CYB_0900	Yes	Yes	0	0	0	0	0	0	0
YSG_1410	CYA_0024	CYB_2924	Yes	Yes	0	31	0	0	0	0	31
YSG_1411	CYA_2643	CYB_1741	Yes	Yes	0	0	0	0	0	0	0
YSG_1412	CYA_2802	CYB_0959	Yes	Yes	0	0	0	0	0	0	0
YSG_1414	CYA_1650	CYB_1632	Yes	Yes	0	0	0	0	0	0	0
YSG_1415			Yes	Yes	0	0	0	0	0	0	0
YSG_1416	CYA_1524	CYB_1100	Yes	Yes	0	0	0	0	0	0	0
YSG_1417b	CYA_0084	CYB_2047	Yes	Yes	0	0	0	0	0	0	0
YSG_1420	CYA_1723	CYB_1924	Yes	Yes	0	0	0	0	0	0	0
YSG_1422	CYA_0009	CYB_0014	Yes	Yes	0	0	0	0	0	0	0
YSG_1423	CYA_2329	CYB_1520	Yes	Yes	0	0	0	0	0	0	0
YSG_1424	CYA_1097	CYB_0677	Yes	Yes	0	0	0	0	0	0	0
YSG_1426	CYA_0410	CYB_2437	Yes	Yes	0	0	0	0	0	0	0
YSG_1427		CYB_2232	Yes	Yes	0	0	0	0	0	0	0
YSG_1428	CYA_1022	CYB_1422	Yes	Yes	0	0	0	0	0	0	0
YSG_1430b	CYA_2115	CYB_2675	Yes	Yes	0	0	0	0	0	0	0
YSG_1433	CYA_2822	CYB_0825	Yes	Yes	0	0	0	0	0	0	0
YSG_1435	CYA_1186	CYB_2590	Yes	Yes	0	0	0	0	0	0	0
YSG_1436	CYA_1201	CYB_2320	Yes	Yes	0	0	0	0	0	0	0
YSG_1437	CYA_1250	CYB_0727	Yes	Yes	0	28	0	0	0	0	28
YSG_1438	CYA_0505	CYB_0169	Yes	Yes	0	0	0	0	0	0	0
YSG_1439			Yes	Yes	0	0	0	0	0	0	0
YSG_1440	CYA_1894	CYB_1819	Yes	Yes	0	0	0	0	0	0	0
YSG_1441	CYA_2527	CYB_1818	Yes	Yes	0	16	0	0	0	0	16
YSG_1443	CYA_2385	CYB_1013	Yes	Yes	0	0	0	0	0	0	0
YSG_1445	CYA_2672	CYB_2167	Yes	Yes	0	0	0	0	0	0	0
YSG_1446	CYA_1696	CYB_1988	Yes	Yes	0	0	0	0	0	0	0
YSG_1449	CYA_1836	CYB_0409	Yes	Yes	0	0	0	0	0	0	0
YSG_1450	CYA_2349	CYB_0861	Yes	Yes	0	0	0	0	0	0	0
YSG_1452b	CYA_0622	CYB_0043	Yes	Yes	0	12	0	0	0	3	15
YSG_1453	CYA_1134	CYB_0149	Yes	Yes	0	0	0	0	0	0	0
YSG_1454	CYA_1401	CYB_2233	Yes	Yes	0	0	0	0	0	0	0
YSG_1455	CYA_0290	CYB_2830	Yes	Yes	0	0	0	0	0	0	0
YSG_1457	CYA_2117	CYB_2677	Yes	Yes	0	0	0	0	0	0	0
YSG_1458	CYA_0986	CYB_0334	Yes	Yes	0	0	0	0	0	0	0
YSG_1459			Yes	Yes	0	0	0	0	0	0	0
YSG_1460	CYA_1184	CYB_2594	Yes	Yes	0	0	0	0	0	0	0
YSG_1461			Yes	Yes	0	0	0	0	0	0	0
YSG_1462	CYA_0339	CYB_1508	Yes	Yes	0	0	0	0	0	0	0
YSG_1463	CYA_2322	CYB_2036	Yes	Yes	0	0	0	0	0	0	0
YSG_1464	CYA_0204	CYB_1245	Yes	Yes	0	0	0	0	0	0	0
YSG_1466	CYA_1704		Yes	Yes	0	0	0	0	0	0	0
YSG_1467	CYA_1667	CYB_1031	Yes	Yes	0	0	0	0	0	0	0
YSG_1468	CYA_1636	CYB_1283	Yes	Yes	0	30	0	0	0	0	30
YSG_1469	CYA_1215	CYB_1261	Yes	Yes	0	0	0	0	0	0	0
YSG_1471	CYA_2804	CYB_0956	Yes	Yes	0	0	0	0	0	0	0
YSG_1473	CYA_2480	CYB_2087	Yes	Yes	0	0	0	0	0	0	0
YSG_1474	CYA_2326	CYB_1765	Yes	Yes	0	0	0	0	0	0	0
YSG_1475	CYA_0906	CYB_2185	Yes	Yes	0	0	0	0	0	0	0
YSG_1476	CYA_2776		Yes	Yes	0	48	0	0	0	0	48
YSG_1477	CYA_0860	CYB_1746	Yes	Yes	0	0	0	0	0	0	0
YSG_1480	CYA_1125	CYB_1316	Yes	Yes	0	0	0	0	0	0	0
YSG_1481	CYA_2342	CYB_1123	Yes	Yes	0	0	0	0	0	0	0
YSG_1482			Yes	Yes	0	0	0	0	0	0	0
YSG_1483	CYA_1408	CYB_1617	Yes	Yes	0	0	0	0	0	0	0
YSG_1487	CYA_0233	CYB_2139	Yes	Yes	0	26	0	0	0	1	27
YSG_1489	CYA_0443	CYB_0792	Yes	Yes	1	0	0	0	0	0	1
YSG_1490	CYA_1718	CYB_1928	Yes	Yes	0	30	0	0	0	0	30
YSG_1491	CYA_2619	CYB_2279	Yes	Yes	0	0	0	0	0	0	0
YSG_1492	CYA_2832	CYB_0505	Yes	Yes	0	0	0	0	0	0	0
YSG_1493	CYA_0919	CYB_0984	Yes	Yes	0	0	0	0	0	0	0
YSG_1494	CYA_1700		Yes	Yes	0	0	0	0	0	0	0
YSG_1495	CYA_1701	CYB_1983	Yes	Yes	0	0	0	0	0	0	0
YSG_1497	CYA_2555	CYB_2532	Yes	Yes	0	35	0	0	0	0	35
YSG_1499		CYB_2187	Yes	Yes	0	0	0	0	0	0	0
YSG_1500	CYA_1015	CYB_1289	Yes	Yes	0	0	0	0	0	0	0
YSG_1501	CYA_0155	CYB_2308	Yes	Yes	0	0	0	0	0	0	0
YSG_1503	CYA_0296	CYB_2823	Yes	Yes	0	26	0	0	0	0	26
YSG_1507	CYA_1406	CYB_1619	Yes	Yes	0	0	14	0	0	0	14
YSG_1508	CYA_0710	CYB_1752	Yes	Yes	0	0	0	0	0	0	0
YSG_1515	CYA_1615	CYB_1793	Yes	Yes	0	0	0	0	0	0	0
YSG_1516	CYA_1871	CYB_1563	Yes	Yes	0	0	0	0	0	0	0
YSG_1518	CYA_1324	CYB_1371	Yes	Yes	0	0	0	0	0	0	0
YSG_1520	CYA_2810	CYB_2847	Yes	Yes	0	0	0	0	0	0	0
YSG_1521	CYA_1870	CYB_1564	Yes	Yes	0	0	0	0	0	0	0
YSG_1522	CYA_0161	CYB_0983	Yes	Yes	0	0	0	0	0	0	0
YSG_1523	CYA_2621	CYB_0772	Yes	Yes	0	0	0	0	0	0	0
YSG_1524	CYA_2399	CYB_2694	Yes	Yes	0	0	0	0	0	0	0
YSG_1525	CYA_2396	CYB_2692	Yes	Yes	0	0	0	0	0	0	0
YSG_1527			Yes	Yes	0	0	0	0	0	0	0
YSG_1528	CYA_2019	CYB_2814	Yes	Yes	0	32	0	0	0	0	32
YSG_1531		CYB_0007	Yes	Yes	0	0	0	0	0	0	0
YSG_1532	CYA_2346	CYB_1119	Yes	Yes	0	0	0	0	0	0	0
YSG_1533	CYA_2688	CYB_1384	Yes	Yes	0	0	0	0	0	0	0
YSG_1535	CYA_0107	CYB_2112	Yes	Yes	0	0	0	0	0	0	0
YSG_1537	CYA_1256	CYB_2881	Yes	Yes	0	29	0	0	0	0	29
YSG_1538	CYA_0442	CYB_0791	Yes	Yes	0	0	14	0	0	0	14
YSG_1540	CYA_2534	CYB_0142	Yes	Yes	0	0	0	0	0	0	0
YSG_1544	CYA_1322	CYB_1369	Yes	Yes	0	0	0	0	0	0	0
YSG_1545	CYA_0301	CYB_2817	Yes	Yes	0	36	0	0	0	0	36
YSG_1546	CYA_0335	CYB_1512	Yes	Yes	0	0	0	0	0	0	0
YSG_1550b	CYA_0946	CYB_2482	Yes	Yes	0	0	0	0	0	0	0
YSG_1552	CYA_2432	CYB_1493	Yes	Yes	0	0	0	1	0	0	1
YSG_1554	CYA_2120	CYB_2680	Yes	Yes	0	0	0	0	0	0	0
YSG_1555b	CYA_2119	CYB_2679	Yes	Yes	0	0	0	0	0	0	0
YSG_1557	CYA_0297	CYB_2822	Yes	Yes	0	0	0	0	0	0	0
YSG_1558	CYA_1232	CYB_1550	Yes	Yes	0	0	0	0	0	0	0
YSG_1559	CYA_0134	CYB_2180	Yes	Yes	0	0	0	0	0	0	0
YSG_1561	CYA_1238	CYB_0082	Yes	Yes	0	0	0	0	0	0	0
YSG_1562	CYA_1317	CYB_0910	Yes	Yes	0	0	0	0	0	0	0
YSG_1563	CYA_0292	CYB_2828	Yes	Yes	0	0	0	0	0	0	0
YSG_1564	CYA_2041	CYB_2737	Yes	Yes	0	0	0	0	0	0	0
YSG_1566	CYA_2893	CYB_1646	Yes	Yes	0	0	0	0	0	0	0
YSG_1567		CYB_0973	Yes	Yes	0	0	0	0	0	0	0
YSG_1569	CYA_1904	CYB_0492	Yes	Yes	0	0	0	0	0	0	0
YSG_1570	CYA_0968	CYB_0888	Yes	Yes	0	0	0	0	0	0	0
YSG_1571	CYA_0473	CYB_0241	Yes	Yes	0	28	0	0	0	0	28
YSG_1572	CYA_1409	CYB_1616	Yes	Yes	0	0	0	0	0	0	0
YSG_1574	CYA_2361	CYB_0851	Yes	Yes	0	0	0	0	0	0	0
YSG_1575	CYA_0918	CYB_0985	Yes	Yes	0	0	0	0	0	0	0
YSG_1577	CYA_0573	CYB_1314	Yes	Yes	0	0	0	0	0	0	0
YSG_1579		CYB_0573	Yes	Yes	0	0	0	0	0	0	0
YSG_1583	CYA_1695	CYB_1989	Yes	Yes	0	0	0	0	0	0	0
YSG_1585	CYA_1443	CYB_1588	Yes	Yes	0	0	0	0	0	0	0
YSG_1586	CYA_2496		Yes	Yes	0	0	0	0	0	0	0
YSG_1589	CYA_1135	CYB_0148	Yes	Yes	0	28	0	0	0	0	28
YSG_1590	CYA_1857	CYB_1298	Yes	Yes	0	0	0	0	0	0	0
YSG_1591b	CYA_1453	CYB_1578	Yes	Yes	0	0	0	0	0	0	0
YSG_1594	CYA_0286	CYB_0327	Yes	Yes	0	28	0	0	0	0	28
YSG_1595b	CYA_1229	CYB_1400	Yes	Yes	0	0	0	0	0	0	0
YSG_1596	CYA_0630	CYB_0050	Yes	Yes	0	0	0	0	0	0	0
YSG_1598	CYA_1547	CYB_1084	Yes	Yes	0	0	0	0	0	0	0
YSG_1599	CYA_1482	CYB_1473	Yes	Yes	0	0	0	0	0	0	0
YSG_1600	CYA_0109	CYB_2110	Yes	Yes	0	0	0	0	0	0	0
YSG_1601c	CYA_1682	CYB_1160	Yes	Yes	0	0	0	1	0	0	1
YSG_1605	CYA_2465	CYB_1436	Yes	Yes	0	0	0	0	0	0	0
YSG_1606	CYA_0422	CYB_2500	Yes	Yes	0	0	0	0	0	0	0
YSG_1607	CYA_0326	CYB_1706	Yes	Yes	0	0	0	0	0	0	0
YSG_1608	CYA_2431	CYB_1494	Yes	Yes	0	0	0	0	0	0	0
YSG_1610	CYA_1675	CYB_1166	Yes	Yes	0	0	0	0	0	0	0
YSG_1611b	CYA_1093	CYB_1962	Yes	Yes	0	0	0	0	0	0	0
YSG_1612	CYA_1094	CYB_1963	Yes	Yes	0	0	0	0	0	0	0
YSG_1616	CYA_0050	CYB_1187	Yes	Yes	0	0	0	0	0	0	0
YSG_1617	CYA_0317	CYB_1695	Yes	Yes	0	0	0	0	0	0	0
YSG_1618	CYA_1935	CYB_0106	Yes	Yes	0	0	0	0	0	0	0
YSG_1620	CYA_2038	CYB_2733	Yes	Yes	0	0	0	0	0	0	0
YSG_1621		CYB_1367	Yes	Yes	0	0	0	0	0	0	0
YSG_1624	CYA_1793	CYB_1625	Yes	Yes	0	0	0	0	0	0	0
YSG_1625	CYA_0374	CYB_1863	Yes	Yes	0	0	0	0	0	0	0
YSG_1627	CYA_1487	CYB_1461	Yes	Yes	0	0	0	0	0	0	0
YSG_1628	CYA_0922	CYB_2802	Yes	Yes	0	0	0	0	0	0	0
YSG_1629	CYA_1305	CYB_0924	Yes	Yes	0	0	0	0	0	0	0
YSG_1630	CYA_0333	CYB_1514	Yes	Yes	0	0	0	0	0	0	0
YSG_1632	CYA_2642	CYB_1152	Yes	Yes	0	0	0	0	0	0	0
YSG_1635	CYA_2624	CYB_0776	Yes	Yes	0	0	2	0	0	0	2
YSG_1636	CYA_2703	CYB_1254	Yes	Yes	0	0	0	0	0	0	0
YSG_1639	CYA_0864	CYB_0952	Yes	Yes	0	0	0	0	0	0	0
YSG_1641	CYA_1363	CYB_2804	Yes	Yes	0	0	0	0	0	0	0
YSG_1642	CYA_1179		Yes	Yes	0	0	0	0	0	0	0
YSG_1644	CYA_2014	CYB_2809	Yes	Yes	0	0	0	0	0	0	0
YSG_1646	CYA_1303	CYB_0922	Yes	Yes	0	0	0	0	0	0	0
YSG_1647	CYA_2811	CYB_2848	Yes	Yes	0	0	0	0	0	0	0
YSG_1649	CYA_0340	CYB_1507	Yes	Yes	0	0	0	0	0	0	0
YSG_1650	CYA_0627	CYB_0048	Yes	Yes	0	0	0	0	0	0	0
YSG_1653	CYA_2047	CYB_0737	Yes	Yes	0	0	2	0	0	0	2
YSG_1654	CYA_2345	CYB_1120	Yes	Yes	0	0	0	0	0	0	0
YSG_1655	CYA_0870	CYB_2836	Yes	Yes	0	30	0	0	0	0	30
YSG_1656	CYA_1614	CYB_1794	Yes	Yes	0	0	0	0	0	0	0
YSG_1660	CYA_0424	CYB_2498	Yes	Yes	0	0	0	0	0	1	1
YSG_1661	CYA_0568	CYB_1309	Yes	Yes	0	0	0	0	0	0	0
YSG_1662	CYA_0195	CYB_1236	Yes	Yes	0	0	0	0	0	0	0
YSG_1663	CYA_2018	CYB_2813	Yes	Yes	0	10	0	0	0	0	10
YSG_1664	CYA_2097	CYB_0136	Yes	Yes	0	0	0	0	0	0	0
YSG_1665	CYA_1942	CYB_0131	Yes	Yes	0	0	0	0	0	0	0
YSG_1668	CYA_2445	CYB_2541	Yes	Yes	0	0	0	0	0	0	0
YSG_1669	CYA_0165	CYB_0977	Yes	Yes	0	0	0	0	0	0	0
YSG_1670	CYA_2395	CYB_2691	Yes	Yes	0	0	0	0	0	0	0
YSG_1674	CYA_0985	CYB_0333	Yes	Yes	0	0	0	0	0	0	0
YSG_1678	CYA_0972	CYB_2932	Yes	Yes	0	0	0	0	0	0	0
YSG_1680	CYA_0159	CYB_2310	Yes	Yes	0	0	0	0	0	0	0
YSG_1681	CYA_0126	CYB_2775	Yes	Yes	0	0	0	0	0	0	0
YSG_1682	CYA_2332	CYB_1517	Yes	Yes	0	0	0	0	0	0	0
YSG_1687	CYA_0248	CYB_1684	Yes	Yes	0	0	0	0	0	0	0
YSG_1691	CYA_0904	CYB_2188	Yes	Yes	0	0	0	0	0	0	0
YSG_1704	CYA_0295	CYB_2824	Yes	Yes	0	0	0	0	0	0	0
YSG_1705b	CYA_1092	CYB_1961	Yes	Yes	0	0	0	0	0	0	0
YSG_1706			Yes	Yes	0	0	0	0	0	0	0
YSG_1707	CYA_1326	CYB_1373	Yes	Yes	0	0	0	0	0	0	0
YSG_1710	CYA_1354	CYB_1383	Yes	Yes	0	0	0	0	0	0	0
YSG_1712	CYA_1120	CYB_1106	Yes	Yes	0	0	0	0	0	0	0
YSG_1713	CYA_2344	CYB_1121	Yes	Yes	0	0	0	0	0	0	0
YSG_1714		CYB_1940	Yes	Yes	0	0	0	0	0	0	0
YSG_1716	CYA_2152	CYB_2755	Yes	Yes	0	0	0	0	0	0	0
YSG_1724	CYA_2017	CYB_2812	Yes	Yes	0	13	0	0	0	0	13
YSG_1727	CYA_2015	CYB_2810	Yes	Yes	0	0	0	0	0	0	0
YSG_1729	CYA_2225	CYB_1440	Yes	Yes	0	0	0	0	0	0	0
YSG_1732	CYA_2773	CYB_2471	Yes	Yes	0	0	0	0	0	0	0
YSG_1733	CYA_2381	CYB_1017	Yes	Yes	0	0	0	0	0	0	0
YSG_1735	CYA_0973	CYB_2931	Yes	Yes	0	0	0	0	0	0	0
YSG_1744	CYA_2689	CYB_1385	Yes	Yes	0	0	4	0	0	0	4
YSG_1749	CYA_0196	CYB_1235	Yes	Yes	0	0	0	0	0	0	0
YSG_1751	CYA_0183	CYB_2528	Yes	Yes	0	0	0	0	0	0	0
YSG_1753	CYA_1970	CYB_1150	Yes	Yes	0	0	0	0	0	0	0
YSG_1758	CYA_1791	CYB_2234	Yes	Yes	0	0	0	0	0	0	0
YSG_1761	CYA_2099		Yes	Yes	0	0	0	0	0	0	0
YSG_1763	CYA_1233	CYB_1551	Yes	Yes	0	0	0	0	0	0	0
YSG_1767	CYA_2890	CYB_1649	Yes	Yes	0	0	0	0	0	0	0
YSG_1769	CYA_1204	CYB_2317	Yes	Yes	0	29	0	0	0	0	29
YSG_1773	CYA_2741	CYB_1935	Yes	Yes	0	0	0	0	0	0	0
YSG_1774	CYA_1684	CYB_1158	Yes	Yes	0	0	0	0	0	0	0
YSG_1780	CYA_0049	CYB_1188	Yes	Yes	1	0	0	0	0	0	1
YSG_1789	CYA_0609	CYB_0031	Yes	Yes	0	0	0	2	0	0	2
YSG_1791	CYA_1454	CYB_1577	Yes	Yes	0	0	0	0	0	0	0
YSG_1794	CYA_2792	CYB_0188	Yes	Yes	0	0	0	0	0	0	0
YSG_1799	CYA_0285	CYB_1390	Yes	Yes	0	0	0	0	0	0	0
YSG_1805	CYA_2740	CYB_1936	Yes	Yes	0	0	0	0	0	0	0
YSG_1810	CYA_2805	CYB_0955	Yes	Yes	0	0	0	0	0	0	0
YSG_1815	CYA_2045	CYB_0735	Yes	Yes	0	0	0	0	0	0	0
YSG_1823	CYA_1692	CYB_1992	Yes	Yes	0	0	0	0	0	0	0
YSG_1824	CYA_0144	CYB_1448	Yes	Yes	0	0	0	0	0	0	0
YSG_1825b	CYA_1681	CYB_1161	Yes	Yes	0	0	0	1	0	0	1
YSG_1829	CYA_2594	CYB_0560	Yes	Yes	0	0	0	0	0	0	0
YSG_1835	CYA_1199	CYB_2322	Yes	Yes	0	0	0	0	0	1	1
YSG_1837	CYA_0740	CYB_1113	Yes	Yes	0	0	0	0	0	0	0
YSG_1838	CYA_0555	CYB_0771	Yes	Yes	0	0	0	0	0	0	0
YSG_1843	CYA_2595	CYB_0559	Yes	Yes	0	0	0	0	0	0	0
YSG_1850	CYA_1396	CYB_2228	Yes	Yes	0	0	0	0	0	0	0
YSG_1854	CYA_2887	CYB_1652	Yes	Yes	0	0	0	0	0	0	0
YSG_1857	CYA_0569	CYB_1310	Yes	Yes	0	0	0	0	0	0	0
YSG_1859	CYA_0240	CYB_1784	Yes	Yes	0	0	0	0	0	0	0
YSG_1893	CYA_0722	CYB_1109	Yes	Yes	0	0	0	0	0	0	0
YSG_1899		CYB_2372	Yes	Yes	0	0	0	0	0	0	0
YSG_1906	CYA_2057	CYB_0747	Yes	Yes	0	0	0	0	0	0	0
YSG_1913	CYA_2448	CYB_2544	Yes	Yes	0	0	0	0	0	0	0
YSG_1951			Yes	Yes	0	0	0	0	0	1	1
YSG_1957	CYA_1950	CYB_0139	Yes	Yes	0	9	0	0	0	0	9
